comment,is_toxic
cặc,1
đr hết thời cày rank bk ngợp,0
diễn viên hô ni hút ngại mấy kk,0
kim cương bố ỉa mồm mày lối đồ 10 game 1 live rank kc tag bố m,1
"chúng nó lòng vòng tìm cách tham ô tham nhũng , xử lý nguồn gốc gây ô nhiễm chuyển xử lý dòng chảy nước thải xả thải sông nước",1
why lồn,1
su quỳnh chéo avt hộ vs,0
phàm vlon thanh niên,1
bắt mấy thằng trộm xe . chặt tay,1
t dang xem sec,0
đm máy thằng hèn,1
chúng mày nghĩ uống thuốc ngủ kkk,1
"phát ngôn ngu vãi , tao ị bến xe gia lâm đóng thuế 5 k lượt kia mà vs gia lol âu , bọn chịch đóng thuế dùng bao sâu victoria kia ...",1
chúng dàn rựng trộm xe hai thằng đứng đấy giả vờ,0
tóc huyền thoại,0
bao bắt đóng mv,0
"hiệp 1 , giờ khóa , toàn fake",0
1 tỉ,0
mày nghĩ xl hết,0
"người ta lên tiếng 1 2 , báo chính thống , đâu báo mạng , cmt dạo khắp kể lể đủ thứ , k kiểu ăn tiền k , đáng nói chuyện bẻ dọa phốt",0
đấm gãy cmn,1
ngu thua,1
thằng khỉ đầu chó,1
thoi di thang khung oi,1
đm chúng mày . zam xã hội thâm .,1
thể loại ko ăn hở chộm cướp,1
dân ... cu hòi húng bảo v,0
ok haha đúng đóm nguu idol đầu bu . ồi giẻ rách xưa gvr đ mấy ae giúp đỡ thằng xách nước bổ cam lau dọn ghế cọ nhà vệ sinh đấy .,1
nhớ hkia k cs đàn cánh cụt,0
tin vui csgt đem người thân xe,0
lòng tự trọng hãy tự xin . đừng tiền năng lực . làm việc trách nhiệm đạo đức . hãy đất nước . chào đón,0
xin lỗi đb,1
thầy,0
mấy thằng ngu dốt tại sao gọi bọn nhà trí thức ?,1
học đánh illoi mong giao lưu chỉ giáo,0
chúc anh chị kì nghĩ lễ thật vui vẻ,0
thứ luật nghiêm . thứ 2 rồi đây tình mất hết . botay,0
dot,1
tây tưởng điên trốn trại,1
"mỏ giống cá tai tượng , , sạo ke cai thứ chửi việt nam la kg ưa roi",1
"má xem clip xong nhìn xe , giật mình . nghĩ lại thì ra bỏ bên hàng xóm",0
hn thu nguyên mấy thằng nhơ bẩn nc vn,1
thằng ngu ko bồi thường đừng lấy dân,1
acc fake bắt trọng tài đăng đc má ôi tin nhanh,0
thua top sai lane chu trinh nhu cac that,1
"ngu tự ái , cãi cùn nch thích công kích cá nhân . trình độ học vấn hết cấp2 ?",1
mắt mù,1
bọn lột xong bỏ cát bình xăng dầu . khốn nạn .,1
"mẫn đạt sủa câu ngu học đúng fan bóng đá thời vụ câu , dell nhìn chửi hlv",1
m thời,0
dm thằng lồn,1
"hlv éo tâm , dẹp gắp , sâu mọt phá dần bóng đá việt nam",1
k khen phim dỡ vkl,1
bỏ éo liên quan ?,1
acc fake nha,0
lỗi lầm j hả th chó,1
"giống vcl , đm 2 giọt nước",1
sory mẹ mày,1
"dàn dựng trộm cắp , thanh niên sức dài vai rộng k chịu , ăn cắp , người ta đánh chết .",1
đọc đọc hết k hiểu câm cút .,1
"nghiệp dư , trâu trắng phù thủy trắng mịa !",1
chúng mày đốt kệ con mẹ chúng mày,1
cháu cặc j .,1
. mất la đúng,0
"bọn súc vật , bắt chặt tay o giám .",1
"bắt đạp chế . t đứa đạo lí , tao khinh",1
mi bắt v r bh xl đk méo j nx,1
khách quen mày hay sao ? m chửi tao tao binh liên quan mày khách hàng thân thiết m,0
bố tk óc chó ngáo đá tưởng ngầu,1
phạm vũ nc trời âu,0
xin cặc mẹ mày . ok,1
lolll m bán độ xin lổi cc j,1
năng lực yếu kém . tư duy bảo thỉ . xin nghỉ,1
mực vel koz kk ilao bạch tuộc,0
chó trọng tài,1
?,0
bao gio ban xoi moi mua lai dc xe,0
sorry cc bắt thẻ cc ngta,1
nghỉ mẹ đừng trọng trọng tài,1
nguyễn quốc vinh subasan,0
chuẩn bị bay acc ik,0
bú tương tác hẳn rẻ rách,1
nguyễn gia hiếu m lm j,0
mày hãm l mày công kích tao xong bảo tao công kích cá nhân mày chả lẻ mày chửi tao tao chửi m ngơ,1
quao thật xạo l,1
pha ke,0
bạn bè dell tk mực rách,1
tham vật chất . chết của cải vật chất hết . nhg tội mang . ko từ bỏ dc,1
thứ bóng dơ,1
ngoo đăng khoe,1
sơ hở trộm,1
fake cũbg tin,0
ngu vcl,1
thủ tướng kỳ,0
thằng lồn mày việt nam thử ko,1
nhặng đýt,1
tinh trùng khuyết tật,1
chừa mê choai cưng,0
đg r lm bố thiên hạ,1
trải cảm giác .. a di đà phật,0
"thuê diễn viên bắt nạt , 2 game 4 8 , 2 8 k khá dc",0
lộn tối nhớ k cs chim cánh cụt pressing,0
lữ văn thánh trẩu vc,1
xin lỗi mẹ mày . xin lỗi đc con mẹ . bắt k bắt công băng mẹ mày giờ đỡ xin lỗi,1
thành phố quê mày song đời,1
đỉnh khăn gió ấm,0
mong hãy rời khỏi vn,0
khánh share cháu,0
nhạc sĩ đa tài anh chàng tấu hài đẳng cấp,0
haha mày nhìn ạc đánh giá hơi vội tao đéo loại ăn bám việc làm chơi tốc chiến đâu,1
dư lợn vin,1
xà lơ . hợp lý . cty tư cách đòi làm việc vs nta . cty cơ quan nhà nước . thông cáo báo chí chi . cửa gặp .,0
nhanh chậm con mẹ chúng mày,1
đm thằng ad xamlone,1
mẹ mày chửi độ,1
mấy thằng chó đẻ !,1
tức ca ko đc,0
"jack bỏ bỏ qua . jack rõ , hãy ủng hộ jack",0
from bảo yên with love,0
trọng tài thái lan chơi ngãi,0
tui coi coi chẳng hết trời,0
ô 2006 lớp 12 tích tiền mẹ ăn sáng net net 70 win cao thủ đơn 220 điểm ô k tin lmsslus check ig phu 206 12 c1 2005,0
"mịa , bao đời đéo dẹp , thăng mấy dẹp đéo , ngu vl",1
"xuất cai l , đm quần áo vn toàn nhập siêu tq hết 70 xuất xuất clm chúng mày",1
wc,0
đừng a,0
may can xuong cua tao,1
nhìn mặt đẹp gái tính xấu xa thế này .,1
nhìn ngu haiz vãi,1
nguyên chữ fan cứng,0
k mấy bọn thượng đẳng hàn quốc,1
tụi thái mua m vua áo đen bắt quần trọng tài phụ quần quề tổ cha tụi,1
thằng fan thằng dc bố m nể,1
đm train cuccut vô quất 1 hơi 3 0 sợ thật v,1
bắt đc thằmg ngu cắn bait,1
3 tù,1
ăn cơm chó,0
1 mẹ vĩ đại mãi êu,0
lm m bao h chửi,0
nhìn nhìn,0
"fuck , mẹ mầy nghỉ cầm còi đc , đống tiền thái .",1
gác đủ trình k bạn bè chóa mạng tin ngáo,1
"viêt nam tội trom căp hình phạt nhẹ , phạt bên thái lan xem coi dám k",0
xúc phạm lồn mồm thằng giống hố phân,1
cc m ak xl lol,1
hat nhu lon,1
hoa cánh hoa tạo hoa,0
xin lỗi đéo đâu,1
mẹ bọn trâu bò người ta kiếm bạc cắt kô tha,1
éo thèm,1
xinh cụ m,1
xạo lồn chị ba,1
bóng đũy ăn cứt,1
"ch . ó mực sủa ghê , đánh cc , bú cặk a a dạy chơi game",1
bố thằng đần,1
đù idol,0
chet me may chua kkk,1
pha óc chó a . ý thức ruồi a,1
vl t xem mèo simmu,0
sống cacban . k chậm,0
tụi bay nghĩ giọng con gái ? sai lầm . nhỏ tâm hồn con gái . cu,0
ngu cay,1
"vui , thái độ cách cư xử , thua lòng buồn cực , chơi chịu , cư xử bên vui vẻ người ta nể",0
"ba lan chi jack bao , giờ đạo nhạc",1
"loại phản động phát biểu linh tinh , việt nam thống nhất",1
quốc khánh sáng nguyễn nguyễn shaco thằng ngu t,1
ngèo khó ko tha bọn chó cắn áo rách,1
đm bọn chó bán xôi đéo tha .,1
hình chó heo bình tùm bậy tùm bạ . chửi anti thốn vl,1
hả mn,0
mẹ đỹ ruồi phát quang mê cá chà bac jack thích rơi,1
30 p kêu chậm dmm,1
đặt,0
ayane harukana .,0
"ăn hết tiền dân lo dân lũ mọi rợ lo dân , tàu rước bao công chém hết lũ mọi rợ .",1
ngài tỷ phú nghe nóng hết đầu,0
con người tiến hóa thành chóa,1
chuyên môn yếu,1
não chứa sạn vs sỏi đầu hả coi chừng đứa,1
ko . ngợm ko ngợm . ý thức đống rác . nhà nước bỏ tù thằng coi thường pháp luật tính mạng . phạt thật nặng xem im mỏm ko .,1
hả,0
dm bọn việt tân,1
tao giạy khóa lm trọng tài ko,0
"top 1 , 3 acc td hàn top 10 top 20",0
hàng hải admin ngu đéo chịu đc ôi hàng hải,1
lũ bắt dk dah chết mẹ ... ko lo làm ăn .. toàn trộm cắp,1
bắn làn tốc độ,0
"đúng bồi thường , ngta bầu bỏ đâu đc",0
"đàn bà , trăm trả lời thằng lắm mồm !",1
muộn,0
bài học cảnh giác,0
hoàng t . kim khuyến cười lon,1
nay da vo mat no đa,1
dòng họ nghèo hèn kid đ gặp messi ganh tị,1
vinh top thách đấu đấy ba . conten,0
trần dần quad,0
sếp bắt nhân viên cách li thay,0
nguyễn văn huân sống chậm đéo j,1
tăng gia kiệt e hiểu lý do e dc lòng đứa r a,0
hủy lễ tang mẹ m,1
sống kiểu ko ngốc đầu nỗi đâu . sau này hối hân muộn,1
óc chó,1
ăn tết đéo ngon,1
", giảng hòa kh ? v",0
thịt lợn tăng,0
ng tuấn châu uầy gắt vđ,1
m,0
gi vay abe,0
vl,1
khánh an hạt điên quỷ chơi nè lũ bk,0
đĩ linh nc ngu vãi ! thăm,1
"có lẽ chơi game kỹ năng mềm kém . mấy đứa tuyển thủ trừ đứa chín chắn levi lứa tuyển thủ đời đầu kỹ năng mềm , kỹ năng sống kém kể cả sofm t k đánh giá",0
bon comcom đơn vị tác chiến điện tử vs nhật ký yêu nước dm chúng mày đọc . tưởng chúng mày hết đấy,1
hiep tong k đâu,0
chẳng hiểu mày ăn mặc kiểu lồn gi,1
"chấp loại hả e , chả cuộc đời mở mồm khinh người",1
1 bò động đực clm,1
đừng avt phán câu clone,1
đứa trẻ thật hết . chết gặp phán quan hối cãi kh kịp ròi .,0
xử lý lỗi dc khen . lôi rank . thoi đăng mạng xã hội chi đòi khen trog toxic xử lý lỗi,0
mong luật sư làm việc,0
mầy thit,0
"bán nước rõ ràng , cháu dư luận viên sủa ko ?",1
óc choo kèo ko,1
nguyễn quốc an giọt nước suối tinh khiết,0
dlv ngu lol lắm đứa hùa thể hiện đầu óc đúng cặn bã . lắm thằng bảo việt tân tài trợ phan .,1
lê hữu,0
ôi bọn ghen ăn tức,1
nhảm loz,1
thanh tâm a mực ngu cỡ m ngu cỡ,1
địt con mẹ cnó vẽ rađể ăn chia . cổng 200 ti tế thằng tổ cnó ah,1
se dan,1
coppy ảnh page ghi nguồn . kém chuyên nghiệp,1
"immortal 2 one champ ngang ngữa , tồ vs trym hòa 1 mực illaoi , smuft tụi rank bạch kim kim cương",0
anh em đón tết corona,0
thích spam th xd,0
biểu mê trai đừng đỗ thừa winner ẹc sìn tơ nhaaaa,1
"nha jack , e hiền ăn híp , trèo đầu cỡi cổ , đụng chạm fan e nữa kìa , ủng hộ jack công ty sáng tỏ , bắt chịu trách nhiệm phát ngôn gây mn",0
"mày hết trộm cướp , xã hội hạn chế mừng",1
"kinh , bn ok",0
từ bỏ tiền cày view cc j đâu,1
trận đá bóng thỏa mãn nhãn hâm mộ yêu bóng đá mày bắt bồn tắm biển thằng đui trọng tài,1
nguyễn mạnh câu ngu câu đấy đúng fan ráck,1
"văn minh ăn cháo đá cặp lồng , bỏ vợ bỏ",1
xin lỗi dc ?,0
"tự nhiên bỏ công ty vẻ tội nghiệp đàn anh bên faptv cứu xong giờ xem coi ko , bỏ vợ bỏ , khinh thường đàn anh , làm màu sân khấu show khán giả chê , dính bản quyền gần idol b xem thêm",0
xin đmm,1
nứng nứng nứng,1
2 đéo liên quan nhóc ác nhai phân ngậm hoài kh nhả v,1
lỗi cc,1
ok a,0
tao gặp kiểu t bắt diệt đánh chết cụ mày,1
"đọc tin đau lòng , thật kinh khủng .",0
xin chào trọng tài,0
giờ bố lấy xe m xịt sơn bảo t m chịu đc ko kuu,0
thầy book giáo án e a be cứu e vs,0
ngu chịu,1
chủ đem nhân viên khảo sát địa hình nuôi tôm,0
nhìn mặt nc . bik bộ mặt giả tạo . bữa lôi tên hiếu vo . giờ kiểu xạo lol,1
địt cụ chúng nó ? bắt sâu nặng . đất nước xã hội khốn nạn,1
ăn bom thằng adm trốc tôm,1
bắt j h 1 câu xin lỗi xong cuối chạm tay k j xảy hảo,0
cày thuê rank bk ngầu . wa clm,0
"vài kỳ huyện ung thư , hà tĩnh tỉnh ung thư vn 3",0
xin lỗi việt nam,0
trọng tài,0
nghèo đói,0
quy cai chuyen di lua gat ... may gat chi minh hieu ... lon,1
loại tội phạm tổ chức ... ko tòa ... niếu bắt đem biển đổ xong.ok .,1
rấtt nhớ,0
đuối lý kìa . cay lắm . fan thằng toxic xử lý ngu hành ròii cay đập bàn đập ghế xong bắt ngkhác khen cơ .. chơi game it thoi cháu . đường kkkk,1
thanh niên xe độ mặc đồ tối khí chất u ám xếp loại hạng,1
đúng ảnh hợp lí,0
tán tận lương tâm ăn cướp giật,1
"ngu mượn vô cmt ngta chứng tỏ m ngu , sân si",1
ngàn xin lỗi ko đủ . chết,1
"má tao má mày , ba tao anh em tao dạy kèm má mày",0
thoại trần tã,0
nguyễn hằng khanh nguyen ăn nè,0
"the ma van k ganh duocc anhh , dung la ngu lau dot ben kho dao taoo ma",1
hủy kênh coi vô bình luận,0
học xâm hình thầy lol,1
trai đẹp dè chừng . c e,0
"nhìn diễn tả nổi , video đáng buồn , cầu mong bán xôi kia mãi mãi tốt đẹp",0
bố mày đẻ mày mày ăn cứt lợn,1
đúng chất thần ăn phân chó,1
dc mẹ sức dài vai rộng ..,1
tự trọng xin nghỉ việc . phát biểu toàn . nắm đội tuyển việt nam đá giải thua . giao hữu chính thức . đá giờ dự word cup,0
"trọng tài , trọng tài , trọng tài đâu",0
mầy thai lan mua,0
tin vui cuối,0
vẻ nổi tiếng v,0
. thằng tiền hết . đụng phạt . ý thức tự .,0
giọng nghe ha,0
cầm còi 1 mày ăn đời thằng mặt,1
đm mày thang chó,1
mày đúng c . h . ó ăn c . ứ . t nhà nước .,1
nghèo lấy xe nhục,0
đời a ngu mọi,1
"phản động đứa dám nói xấu , xéo , sự thật , ngược đường lối đoảng bọn dư lợn viên lương 3 1 củ nhầm 3 củ 1",1
sản phậm đạo cl thẳng bỏ đâu thèm đạo .,1
hài lòng ny bên cạnh thoiii mặc dù k ny,0
"mấy grp rank bạc vàng mực feed , bọn m up khịa vc",1
ngu,1
kien ne bố jack cmay nổi đc thằng thánh nện kia n nổi lâu k cty tuổi cẹc nổi đc giời ngồi lo tr thế giới lo ăn mồm no,1
mấy thằng mất dạy . co xe ban xôi lấy,1
"trộm cướp bắt đánh chết , đừng chúng đẻ trứng",1
"bon giảng cảnh , sau này gd bọn , báo nhanh",1
xin fb,0
quang chivas bố tổ sư thằng bại não,1
súc vật nhan sắc nhân cách súc phạm loài người đy,1
"hô ng việt dùng hàng việt đâu hết , mẫu",0
giảm cân hoèn,0
trẻ ranh dạo cay . tao chửi cay . fan thằng zeros thất bại del gi lũ ricon bên bóng đá gi đâu cay fb soi . kkkkk cay lắm kìa,1
"đóm cay đóm cay , mấy ruồi nghe nhạc 5 củ mọc răng cắn gê lắm , ns mấy ruồi phát sáng kêu 5 củ mik oan báo công an mạng hù",1
bắt 3 ch mn,0
gết thật giữ kiểu dân lấy xe tính tiền giữ xe kìa,0
le mynhut thứ 5 tuần chế,0
tí bố bayyy acc,0
lỗi cặc thằng mắt mù,1
"quân ăn cướp trắng trợn , cuộc sống mang nghiệp nặng",1
đâu,0
cố tỏ ổn bên .....,0
nghe hư trúc mộ dung phục,0
táng chết cha tụi mày lũ học trò l,1
hèn chúng nó dám ko liên quan . địt mẹ mấy thằng,1
fake dmm,1
bảo hiểm nước đ chả nộp v tai nạn thanh toán v bóp tít ngu v,1
tụi bây sống nhục mặt đàn ông thiên hạ,1
xin lồn dcm văn minh nổi pen đấy đâm mắt,1
xl cặc đm mày,1
àh .... tụi thân cộng sói đói ... luôn luôn rình rập,1
"thương jack , ngẹn lòng , mong mọi thứ câu trả lời nhanh thui",0
sống chậm con mẹ chúng mày,1
đụ má ...... bede sấu đất,1
3 quân bất lương xứng đáng lao động khổ sai,1
rank đồng,0
mẹ mấy thằng chó đẻ người ta nghèo chúng mày bày trò cướp người ta nhân quả sớm,1
"chị ba đúng . chị ba bán nước cầu vinh . đời cố nội thằng chị ba , tham sống sợ chết đầu hàng giặt",1
chuộc 200000 usd,0
váy xinh giá 93 k,0
"dịt mẹ đéo báo cong an bắt mẹ họp bàn lồng , mẹ xe buyt éo bảo vệ dc khách hàng",1
buồn nha,0
tụi trời lấy mấy hồi,0
đĩ bóng lộ nè,1
hình thức lừa cướp đoạt xe giống vs chị nè trần thị cẩm giang,0
tội gái,0
nta xương thịt đâu quẳng vài đồng tiền xong,0
đàn bà mắt,0
ad mày bố láo,1
thức khuya,0
gạ r bn,0
hơ hơ đm đéo xl đá sửa lôi thẻ đỏ tháis lừn . đm h bày đặt sin lũi,1
phan linh bùi ý thức đầu buooi đúng r,1
acc giả h trọng tài bận bắt,0
"ê chửi tkg rách đừng chửi vùng miền nha , miền tây liên quan m , t hanoi .",1
đừng phá bđvn thưa ngài,0
quỳnh bệnh nhân cách pạn,1
giờ co công an làm ma cướp giật nổi,0
xl dc hả,0
"mặt dương vật háng , mặt nhìn coi có hậu hết . ăn nói giang hồ mất dạy",1
thui tốt biến khỏi đội tuyển troussier k đội tuyển k tan rã thật sự đề nghị hãy lượn hlv troussier,0
ăn học kiểu luật giữ xe sang tai nạn . trù ẻo tai nạn . mịa mấy đầu bò mang tiếng ngu dân,1
địt mẹ mày,1
đm trọng tài kh chó dương nguyễn nhật hà,1
ý thức đb,1
ăn hết nội mày hả mày dcmm đừng tao,1
nghỉ . nhục lắm,1
bắt ngu chó,1
"đứa xem chùa fan cứng , mong ad xem xét gỡ xứng đáng vvvv",0
hải yến thần kinh lạy m . chả xem kệ m thiên hạ điss vô mồm,1
nghỉ ôg già,1
trung sonic,0
"mày gọi nhảm , đồ chó đẽ",1
cc,1
đợi đấy tha bay đồ tốt lắm,0
thầy địt mẹ giả tạo vl,1
hk cức fan nhảy dựng phân,1
chi 3 noi troi luon,0
nghĩ thiên đường .,0
phan mạnh cường lo mong mày chết bớt 1 rủa người ta chết óc,1
tàn ác . con người trị nghiêm ko trở thành kẻ xấu xã hội .,1
fake hay sao mn,0
chị đẹp lắm chi,0
xấu ngu,1
thằng ngu sân cỏ,1
"mk vụ đấy nổi ngọc bình live virruss cãi vs . kết quả ngọc bình mẹ thu đt thằng rách vố mk vết nhơ gây k lm tồn tại lâu dài đâu , rách thiện chí xem thêm",1
cl z mẹ . ng ta từ chối hiểu,1
"mực dù trình mày thua thằng quyền , đánh ngu , sủa bẩn , óc lồn",1
đá thua indo nước hộ zai,1
"đường gặp lừa đảo , trộm cướp , xã hội bất an !",1
võ minh hiếu xin video,0
oke hasagi chết mọe,1
đỏ sát bờ ?,0
zả bố thẻ đỏ,0
nguyễn minh quân thằng phía bênh t chọc cay khóc kìa bro .. kkk kéo chửi chọc chơi,0
nick thật đâu,0
kim phượng ngu hà nội p nhảy nhông khắp p,1
đần,1
đất nước ko đảng phái,0
thằng ban vĩnh viễn k sai đâu,0
thằng ko dc,1
"thua xinloi , khon nạn má",1
ok nhá,0
xa hội bgio phuc tap nguoi k tinh nghia gi nua het .,0
đụ má mặt nhìn đàn ông,1
trọng tài nguu,1
đủ 16 t ngông trị khoai ngô bỏ qua đủ tuổi thật sự thất vọng pháp luật việt nam,0
bọn chủ yếu lạc hướng ngta trộm,0
đunga ba chíp chíp chíp cũa,0
đừng nc kiểu ngu tao cười chết nhi tag lắm tưởng ngu trl ngu,1
mất đứa đứt khúc ruột . thương,0
mả cụ tổ họ hàng hang hốc mày .,1
tao đéo,1
"show , jg 2 game out 2 . rank kẹp lóc ngóc bk4 duo lb2 game t top 2 m nát gank t , game đầu t k để ý m xem stream đấy . k cỡ m t cân 2 nha .",0
cuoc vui co don,0
"hẳn thi công k chuẩn cười vỡ cmn bụng , đcm chúng mày lắm lí do vcl .",1
liêm sĩ ji tầm abe ôi,0
đéo ngại,1
chs ngu nhờ ng gánh giỏi,1
địt cụ mày,1
k ngon nha . 18 cành,0
kém vô cùng,1
chị ba . bản lĩnh con cháu hai trưng triệu,0
trần nhật tuấn bú win a,0
"mực tự mồm khổ thân feed chửi đồng đội , tự nhiên đii đâu , xong game mời chửi tiếp , nói chung họa tự chuốc lấy",0
tuân nguyễn no lai cay vl,1
đần vcl,1
ý kiến cá nhân hát ko chút ý nghĩa nghe khá sàm ko ý kiến cá nhân a hùng bàn phím né hộ,0
coi k cmt nta . cắn chóa,1
"lỗ mũi lỗ trâu mà còn ngột ngạt , hít hết khí trời ngta j .",1
hoàng tử băng giá đầu chứa cứt,1
thứ,0
đụ má mày nha sử dụng fb ảo tạo nét,1
mực dốt đời bk rách,1
xl dc trọng tài lol,1
"thanh niên to lực lưỡng chân tay cướp dị , nghiệp nghiệp",1
sv cày thuê hành cay đỏ dái hả,1
"hieu nguyen bùi ăn hết nội m hả , đụ mẹ m lôi nói chung chung ý thức m cc",1
toàn âm mạng đâu khè,0
nghề kiếm cơm thanh niên nam kỳ,1
t nghe thích ae,0
thoát kiếp,0
công an đâu cơ quan trình báo chửi ko giữ,0
ngọc liên nc nv nha homie,0
óc th . m nghĩ cố tình vi phạm . r ng dân gài dìu r bắt lỗi ko đúng đầy đấy . đấy đạo lí,1
troussier vô dụng . chức,1
mặt đường đeo vàng nói chuyện lâu đường . mất tài sản,0
mấy thằng chó sủa bậy sướng độ đóng phim,1
đấm mẹ mày giờ,1
trọng tài kìa,0
bắt kém cực thậy,1
hai thằng giả vờ 1 thằng hành động bán buôn lời,0
luật sư hà a giúp cháu đk ko . nghe tội vs bức xúc,0
lê nguyễn thu hằng dm vcl bar đeo khéo đc 1 p giật tung l,1
vc thằng fan,1
gặp đồng đội chửi lò r,0
bảo t đc ngu ác,1
mày câu đấy nhóc,1
xh loạn hết . cq hãy dân quyền tiêu diệt lũ cặn bã .,1
toàn con người thiếu ý thức cầu mong dừng con số lo lắng cầu máy máy mẹ đừng tùm lum khổ lắm chết đóng cửa chết mẹ,1
đập ngu thầy mãi mãi cx dell đc 7 e thề,1
mong pháp luật trừng trị thật nghiêm kẻ coi thường mạng coi thường pháp luật . mong cháu yên nghỉ . thương,1
"face you , ngày mai mày tai nạn chết mày , mày mù mẹ mắt khỏi tốn cơm",1
t k thích k ưa mẹ .... dx chưit ngta nghe hài vcl bù củng đỡ,1
nhục lồn k ? . mệt sủa ngu . cút,1
dễ thương đâu,0
phương nam tích bán,0
happy new year coach !,0
thằng ngu t gặp mấy t cầm sett bú cu . giờ t lục bảo 1 heo elo vẩn bk . ngu đéo tả đc nổ haizz . mầy leo ranh nhân phẩm kỷ năng đéo . khéo sài hết nhân phẩm xe đụng mầy .,1
bắt loz cút nha bú sữa đêy a tài,1
lỗi địt mệ mày,1
kiện bồi thường nhẹ nhàng v,0
đóng thuế thuê 1 thằng phế vật .,1
ma vương chơi broooo,0
linh nguyen trend hình như lâu lắm r,0
mai dù,0
clm hẳn trai alimi bố m hài ỉa bàn thờ m th mực,1
công an,0
bọn ăn cháo đá bát,1
hot face khó,0
lỗi đjt m thằng trọng tài m nghỉ vc mẹ,1
gia nay duong duong xe no tong chet me duoi gam xe,1
ban vinh viễn cmn,1
mày tinh trùng khuyết tật tao câu ngu câu chấp lo giúp ba mẹ mày bữa ăn ngon trl ngu dốt vc,1
khéo nhung lây sang,0
2022 idol vn,0
tưởng ý thức nhật lắm ?,0
mấy súc vật,1
họp báo m bảo hài lòng hâm mộ đội tuyển việt nam hài lòng vs m ?,0
"thằng áp dê ngon thiên hạ , thông ngôn cmn",1
"trang cty jack dĩ nhiên fan ng ta vô xem , fan ng ta đông , ủng hộ j tức . tức nói ngang lắm , tỏ hiểu biết thanh cao . con người thiếu tỏ như thế .",0
tệ hại . xem xét trình độ,1
mìh sách j,0
a mực kỹ lăng,0
đem đưa sơ xo thẩm quyền thp bốc phân ăn,1
chả hiểu đẹp đâu,0
ý thức l ..,1
đm thêm ruồi mẹ n,1
trọng tài mù mắt,1
"tội , lương 7 8 triệu , tôm nhỏ chẳng ăn , ăn cua hoàng đế tôm alaska",0
ngáo cứt lợn,1
ngọc trang mua dưa leo chơi rẻ,0
bọn mọi đen ko ? sỉ nhục đéo dám,1
"tụi mày tuổi lồn , vuông",1
đcu bắt ngáo lòn,1
cặc,1
xem trận indo đá thailand . cách dạy học trò presing chống presing,0
"quay dính biển xe 2 t kia , đăng xuất thoát , mai lên trang đầu coi .",0
tính tư duy ct m ko 1 champ đct nha đánh rank bk đc game dương mạng,1
đánh trụ win mẹ r,0
djtme may,1
xin lỗi cc . địt mẹ mày,1
tăng 2 7 dân lợi lồn mẹ chúng nó,1
thiếu lozz ngọc trinh hôm qua tiệp hơi nông nỗi,1
bộ trưởng quốc phòng hèn ls vn,1
fuck you mày thèn đẽ thái lan mua mày bao nhiu,1
trần dần tro sướng lỗ mồm . hắn vn . tro thường tín hà tây,1
chán địt cụ mày,1
lũ ngu vô học ... viết tiêu đề sai chính tả .,1
xem phố bolsa tiên tri zũ trụ trần dần,0
thằng khốn nạn,1
thời đại loại ác giặc,1
mày nghỉ . phát ngôn tào lao fan unfollow hết,1
chia buồn gia đình kid cận huyết sua chill lofi đưa già kid 9 suối,1
idol m chừng nguyễn đức long minh hùng,0
đơn giảng luật pháp việt nam nhẹ tay ko đủ tính đe . tình trạng tiếp diễn hoài,0
ghi k rõ khóc lóc,1
lozzz,1
đ . ụ m . ẹ mày ad link bấm coi chục qc nhảy,1
bọn giàu mang thua nghèo nửa đm chán,1
đmm,1
nguyễn võ hữu châu cẩn thận mất,0
thầy bói,0
đu idol ngu muội idol vô học fan vô học,1
yêu,0
mả cụ mày,1
9 xác nha ace,0
dmmmmmm thằng trọng tài,1
philippe troussier !,0
m vs thg dog giống phết ngu to mồm thượng đẳng,1
1 tặng quà va len thai mn .,0
trundlo ko co linh ma cap dc 2 cai tru luon,0
xin địt thằng cha mả tổ cụ kị mẹ mày,1
đit mẹ thua thể loại,1
lam ma co the tha loi duoc nhung nguoi an noi vo hoc thuc nhu the nay . bo tay .,1
kéo fame,0
đitme ngần tuổi r k đóng khóa quần thằng đĩ vượn,1
cay hộ đọc hết 3 kia tự nhiên nhảy cắn tùm lum,0
thằng hội eva bốc phốt dm thằng add cố đéo chịu hiểu đăng,1
hong thay kiểu nay đừng tiếp chuyện nha . dat vu,0
địt mẹ thẻ đỏ coi,1
trán ngắn tóc dài mồm lai trung cuốc .,1
tụt mẹ m nhanh đỡ mặc,1
tốc chiến đỡ ff,0
giờ phút hạn chế du lịch trời ...,0
địt mày,1
"sory cc , đêm nay chính thức bay ac",1
lộ thêm chục mẹ đơn thân . mấy ruồi phát sáng thời kì rụng trứng tụi mún a 5 trịu,1
vụ phốt t tụi fan jack đốt iq thấp thật sự kiểu ngu ngu kiểu . t ngại dùm . đúng . thằng đồ dốt địt kia fan thiểu năng ko .,1
thang ngu thương gay mày troussier pháp thang coho ..,1
tới cùng,0
bắt cặp đồng bọn,0
tụi ác thật,1
đm . tao ca tao quyền . đm ad phản cmn động,1
đá onl .,0
vãi còi ôm vòng ngực đô,1
0 bỏ qua pp,0
chế độ nầy tàn hù thiên hạ !,1
thedog fuck you,1
bắt thả hành nghề trộm cắp việt nam hết trộm cắp,0
toi dang xem gi vay,0
m chắt đồng 3 ỉa chảy mòm chê,1
"má đọc đốm an ủi kiểu t cười đau ruột , kiểu 1 lũ k não v",1
db bố mày tin,1
"đánh ngu toxic , dàn dựng ăn chia tiền kèo , r dính thêm cá độ",1
má đồ người ta bán xoi lấy xe người ta dược mong mấy cong an truy bắt tui . lấy xe trả bán xôi,0
ngọc thắng .. chở nửa . vê cánh ly dần,0
mai hà mày coi bình luận đầu tiên mày . mày mày . tao vs mày tao xin lỗi dùng từ ngữ . chó tao tao đàng hoàng,0
lol má mày thẻ đỏ,1
"đúng . fan tkg rách mất nhấn thức , đ tự",1
coi mạng cỏ rác .,1
đàn bà dễ mấy tay dinh thự nữ đội trưởng đội chống buôn lậu,1
"núi hảo hán , cướp quan tham chia dân nghèo . đầu thú tội chết .",1
bắc chặc tay,1
nãy giờ dắk ib chửi t,1
bợ đít cs ko bợ đít lủ chó chúng mày,1
chơi lấy 3 m 1 buổi share ?,0
đỗ xuyên . bình thuận kìa .,0
gà chịu,1
bóng già,1
bọn lừa mấy thằng ăn ko trời quả báo,1
báo sớm den voi tui mày,0
"fan cứng 200 mực , lối đồ nước mắt lá chắn mọi kèo mạnh , dù ủng hộ ta , cố mực",0
bức xúc . chẳng đăng nốc rượu ... mn chửi sống bẩn vs thó 1 2 cạch mặt xem đằng 7.8 ăn chắc nhân cách r .,1
lol má mày thằng chó qatar cút quê hương m chăn bò . . nhìn bắt lỗi mặt đúng đểu qatar fuck you al adba,1
hahha cay v chưởi trang cá nhân r dell nhục,0
bọn bắt dc chặt tay,1
ac nhơn,1
thần kinh năng moi .,1
"giống m dù ngu tiếng việt lợn hả , dạy m ngu đừng ra vẻ , tên idol viết k nên thân , m cay lắm viết sai hết , trả điện thoại mẹ tập viết",1
trời . tội nghiệp,0
trọng tài chó,1
bố thằng cầm nick ảo rep đcu mày,1
nguyễn nam chửi tụi ôn súc vật hiểu tiếng đâu,1
chó cảnh báo mê trai khg để ý .,1
2 thằng bẩn tính th q out trình th mực r ngu câm,1
đág yêu thật sự,0
hoàng hiệp kh đc sóc e,0
quê vùng sâu vùng xa tv xem vtv dân tin yêu đãng lắm !,0
đị mẹ mày,1
nick fake nick,0
nhường chị đấy,0
loạn cực,1
con mẹ m,1
mẹ tao lạy,1
you look like sh t,1
"gầm giường người ta , ad nói chuyện ngu vđ",1
abe ngầu lòi,0
ok haha k dám dùng acc dùng acc clone sủa hả traiii . đủ chất chó rác 5 củ,1
mong công dân việt nam bên nhật học tập lao động giữ sức khỏe tốt . đồng thời chúc nhật nhanh chóng vượt đại nạn,0
nhật kia tuổi hành động ấu trĩ,1
rank tự hào mực rank ct hahahah,0
a chip già,0
ngọc bíu ty phun lắm đâyyy,0
đm,1
nhục chó,1
m mù ak,1
lũ khốn nạn chúng mày trả giá,1
ngáp chừa mày tin cs nhe,1
bay nick haha,0
toan le ngài đcmm ah,1
thật rank dct k v đánh rank bk trông áp lực,0
đéo even nho nhỏ giải nghiệp abe,1
công an vào cuộc sớm bắt đc giờ chạy thoát ? bắt ca bọn,0
kiện,0
top ng ta ủng hộ vụ việc thg kicm nhạc dell chổ,1
quang huy nghe j giáo viên tiểu học,0
sr lol mẹ mày,1
cố chấp phá bóng đá vn,0
trọng tài đầu b,1
hẳn tù câu,0
"mày chửi lq xong thằng âm binh 11 lừa trăm triệu , nhục mặt , gậy mày đập mặt mày , đáng đời , chửi người ta làm sao mày gánh hết .",1
giải trí điên,0
chỗ xe tiền hút xăng nuôi bố mẹ,0
"yêu , cưới ah",0
đại cao thủ bú win đúng hết thời đầu buồi,1
đồng ý bảo bộ đội chính quyền,0
"khởi nghiệp bán giày authentic , nhu cầu mang giày real chơi tết ib nha duh thrift store",0
"đáng , thua đáng",0
lo ăn lo cướp tối đa lãnh đạo,1
"đĩ mẹ nhung , lựa",1
info áo .,0
đập tai nghe đập cù chỏ rồiiii,0
dờ .... đéo đờ nghe thằng hl 3,1
cmm mù,1
đụ người ta bỏ tung hô victim blaming ước đầu mấy fan rách sáng đít,1
đm dlv bơi hết,1
tội chồng,0
quan vn chúng nó tham vl ... địt con mẹ lũ quan tham,1
vr tung hàng loạt tật xấu thg rách khiếp h khinh thường lắm,1
kêu thằng rẻ jack idol m chịu trách nhiệm k bao xong t chịu trách nhiệm,1
trình m đâu ?,0
gái mẹ n,1
h content z ha mn . kiểu xem khá ức chế chiêu hụt chửi thề hò hét vcl,0
má coi y chang nhìn chửi . lol,1
giữ xe thu tiền mày nghe,0
duck liên mồm,0
dm ... đâu câu dốt .... vn .... công an ... .,1
bắt xong xl tao đập chetme mày quáaa,1
phò 1 nghề chân chính đấy đm thằng ad,1
"chửi xong bày đặt trả vờ đăng stt nghĩ content tiếp người ta diễn tạo content . cư xử 1 chó ngu , toàn xưng bố mày , người ta anh em , trông chẳng tôn trọng . nhân cách thối",1
sorry cak,1
tởm l dmm,1
đm cú vl,1
dẹo dẹo cố,1
ngu lol cay quài dị kkkk . nhục lol,1
nguyễn chả bù chỗ hành xe máy đắt ô tô,0
lỗi lok,1
mày vô sủa cc tml,1
"đù dại ghê , bọn đấy phường xiên 1 , được tiếng , khám mấy anh chị thương , xiên hết mọi thằng phường sum",1
mã cụ mày,1
"2 xe 4 thằng , trộm cướp giống ...",1
mời hai ca sỹ tuấn phong anh chị,0
trai tớn,0
xứ sở chộm cướp,0
tay nhanh lẹ thiệt,0
dân hà tĩnh công nhận lắm đệ tử ducangter thật,0
"lời thật lòng gửi thương nể lao động chân chính . loại hình kinh doanh , mặt hàng . làm việc nghiêm túc tự nhiên bực dọc công việc tiếp tục thận lợi .",0
khoe đú trend nhớ nhung dở má,0
sự thật vụ chối bỏ lll,0
lũ rẻ jack cấp 1 đâu chả giống,1
"live sợ nhục , đường nhta trỏ trỏ khóc",1
hữu khánh khung xe trưng,0
vé máy bay giảm mn du lịch châu âu,0
"tập trung đánh trụ win r , ngựa ngựa quay combo lb",0
ủng hộ công ty ủng hộ jack,0
chó biểu hiện lạ .. phát hiện,0
cay thằng đầu tôm,1
tưởng a nghỉ,0
chấn bé đù,1
quỳnh trang đọc máu t sôi sục sục,0
tiền xài dc zay ...,0
tính tiền thầy v,0
xã hội bồng bềnh .,1
sorry ? cmm,1
bắc kì bắc kỳ bắc kỳ lêu lêu,1
cực kì khuyết tật,1
đm thằng trọng tài,1
admin ban bỏ thằng câu like chúc giúp . dị ứng bọn vl,1
đường nhớ cằm não,1
nghỉ livestream 3 nhìn,0
sory me may,1
v giải thích ló đằng kia,0
xin lỗi địt thằng cụ mài,1
roi thang be song k e toi vay,0
mọi thua ngoo chịu đánh 3 q đất,1
nhạc m . n nghe,0
thằng k b tkg tkg fan rách !,1
"mấy thằng ,",1
"nầy nói chuyện ko văn hóa , ko xấu hổ",1
bắt đc đập chết me chung no di,1
não chó câm,1
"may h o an tro . cap . ranh c . di ngoi le . nhieu chuyen . cai thu , tam than",1
ủng hộ trouie đầu cuôia,0
ngu lol vả dél biet nhục . kkkkk cay thoi cay fb chửi . đúng trẻ rranh,1
keu linh cá lóc vn c hiếu đập vô mặt,1
bọn linh cảu đầy đường,1
thối nát lắm r,1
5 nghin cai dau buoi toan mom,1
bú win,1
"tội nghiệp bán xôi , đm thứ trâu bò bền đâu quả báo",1
xấu vlol,1
má đọc tn máu chó tr,1
việt ăn bưởi k,0
mê viết liên quan vô cmt ghét chặn ai mượn xem,0
"vãi lôn , kèo rank bk lỏ up shao",1
đu sang cali thằng roi phản động,1
tạm giam mà còn fb ns phét đc nể pháp luận thật,1
bắc kỳ vn chửi sách k bỏ qua,1
"phú yêu , lấy",0
haaaaaaaaaaaaaaaaa .,0
não chó,1
dàn cảnh . ăn chia lộng hành ...,0
may thang nay roi cung phai tra gia dat thoi,0
thằng trẩu bảo đầu mãi đéo,1
phong nguyen zị he,0
"hiệp đinh m hiến máu giúp , nhưg hiến nhiễm hả thằng bàn phím , đầu to óc củ cứt",1
"xe xử phạt , méo thèm quan tâm . đám dân đen dám ý kiến",0
"ae bình tĩnh , acc fake",0
ok haha bố 1989 đấy conn zai . bọn nhân cách chửi,1
fuck mẹ m,1
feed tụt lz xàm cứt,1
khóc lũ xủ đồng bon ngồi kia phán xét sinh mang,1
máy bọn chặt tay lun àk,1
trần dần nay già . bác cố gắng giữ gìn sức khỏe vượt mua dịch,0
nguyễn quang minh óc ch . o,1
xin lỗi việt nam ? muộn,0
thằng ad não delay 3,1
viruss chửi thẳng mặt jack lun căng phết đấy link,0
"éc , ko tiêm hockmon nữ tính .",0
bọn cặn bả xã hội,1
công bằng chỗ ?,0
máu lz đitba thằng thận,1
sorry loll,1
"ít lên tiếng cl , chả lôi công ty , bản chất rẻ rách",1
chống tham nhũng viêtnam kiểu mèo ăn miếng mỡ bắt cọp ăn hươu đeoa bắt đc,1
mấy bịt khẩu trang tốt đề phòng,0
best cà khịa,0
tui ủng cổ vũ hlv trường vs đội vn,0
chơi 2 game thua 2 . duo vs th 1 8 game 1 7 . jg âm 1 mạng 2 game trình k ảnh cay,1
"live , xem thử",0
phạt bg xin lỗi,0
xã hội h thể loại thượng đẳng đánh hội đồng kẻ yếu,1
đcmm chết,1
xàm lồn,1
ảnh cay,0
đm bọn trung quốc chó,1
quốc thắng bảo top lúc nào yếu,0
tao cười ia ve may troussier a xl,1
"miệng thối rẻ rách , câm thằng ngu",1
"thật sự drama th đơ đơ , trông đánh mấy th vàng rách live . cách nói chuyện th thiểu năng , đ ngửi nổi",1
cố lênn tâm sự single mom haha,0
xin địt mày,1
đúng tàn ác loại trùng . k tả nổi . mong quang luật trộm cấp xe chung thân,1
láo,1
cắt cặc m tụi t thể suy nghĩ,1
xem ma tuc oi mau . co 2 hop xoi no no long nao no an giut . no an 2 goi xoi no trao mau,1
jack nuôi cmay đồng cmay bảo phảu bồi thường idol chúng m haha,1
tụi sợ tụi thù dai . tụi lũ sức sinh .,1
cút,1
đừng mơ đóng thêm tiền giữ xe,0
dlv sủa hộ ?,1
đcm sound effect đỉnh vc,0
tụng kinh đag đọc ráp trời,0
diện trần thằng trẩu,1
yeu ko dụ nha . liếm lôn nha a,1
"3 thanh niên sức dài vai rộng , k ăn trộm xe gái",1
giống giọng mèo xi măng,0
dm lũ quan tham bán nước .,1
mày chi dị mày xin lỗi mày xin lỗi tỉ số gỡ đc ko,1
đồng bọn phối hợp !,0
khổ gái bán xôi,0
sa thải hlv,1
nay dien nang,1
"phương dung nguyễn chị chơi , đ chị",1
"chị tươi , a tứn phối giống chị tự nuôi 1 chị",0
bọn bắt bắn chết,1
bekia dùng kungphu muray v mắt tài đâu,0
dàn cảnh nhuần nhuyễn .,0
sory đm mày,1
lê đức minh giờ thành công ?,0
thơ tỷ,0
ns thật đừng buồn ngu vãi lzz,1
hết thời,1
"tự nhiên bỏ công ty vẻ tội nghiệp đàn anh bên faptv cứu xong giờ xem coi ko , bỏ vợ bỏ , khinh thường đàn anh , làm màu sân khấu show khán giả chê , dính bản quyền gần ido xem thêm",0
biến khỏi việt nam đồ hlv đầu bò trả hiểu bóng đá việt nam,1
thầy lồn,1
nhét kia quan tài giùm tao . clm,1
thằng bạc rách bú chụp z,1
kai dit lon mẹ mày trọng tài lôn,1
chính thức thành kẻ thù đội trời chung đám dâm lợn viên . hihi,1
"chúng nó giỏi lấy nhà giàu , lừa nghèo",0
why lồn mẹ mày,1
độ bad trip,0
spam kinh mạnh j lôi bố mẹ hả ruồi mạnh phát sáng,1
"chó cắn áo rách , khổ thật",1
viet nam !,0
đánh ngu,1
cường học annd hiểu . dm đám côn đồ tụi mày tay sai lũ lảnh đạo bán nước,1
kda toàn âm úp khoe tự tin vl,0
hoàng học hành má r cày view nha,0
xa la công tử share page,0
xong,0
nhìn giống gờ đờ gon,0
cởi cởi mẹ mặc mẹ,1
"giết đền mạng , bố tù chung thân , tk lớp 6 cải tạo 18 cx tù chung thân nốt",1
trần văn tuấn . dòng họ thằng ngành ...,1
phút bóc đồng bằng đời bóc cức,1
sorry kẹc,1
xl tay ko bắt,0
gà oai vcc,1
đầu buồi !,1
bitch s cunt,1
mày cút đi thằng chó,1
"đạo đức con người xuống cấp trầm trọng lắm , xã hội buồn .",1
yêu vs đương,0
why củ loz m ?,1
xã hội cong vòng,1
tiệp nghĩ tiệp hạng thượng đẳng,1
"bắc , trung , tây 1",0
lối đá xà lơ kiểm soát . kiểm dc lồng mẹ,1
trư bát giới ngọc trinh dáng ngon mặt t thề nhìn tắt nứng,1
đù mé,1
tú said lol j abe,1
mong chúa hãy đưa gia đình chết hết,1
,0
"thằng chó , nghĩ mẹ mày",1
câm mồm,1
thăng đit lao lam quan thê . va,1
"gọi phòng csgt độ phá hủy tài sản dân , dân đóng tiền bãi xe dân mưa nắng .",1
vợ jack5tr bến tre,0
lỗi nhục nhã gia đình,1
chửi thằng nguyễn sin chị thằng ác lắm . hình như mũi chị hiếu hơi lệch .,1
giống mấy thằng fan ntn . chê thằng ntn video thiếu ý thức xong nhảy bảo ngta clm,1
thành phố an toàn lắm,0
"chuyển giới xưa nhìn nghĩ chuyển giới , xuất sắc 3",0
bài học sau này .... thận trọng ko thừa .,0
khó chịu vl,1
chơi ngu cay ko thực lực ko buồn,1
thailand mua nhiêu dị ?,0
bùn lắm lun,0
jack rẻ rách bỏ vợ bỏ von uisss jack ăn cứt đá bô,1
đánh ngu bm,1
2 lỗ mũi to zậy ngột ngạt,1
xin l . ồ . n mẹ mày,1
"đúng lũ trẻ trâu nam kỳ , chả thể thống",1
bắt 3 thằng nhen mấy c . a,0
pháp mẹ,1
"a , bắt kỉu zì ...",0
bán chúng nó ko tha,0
đầu tìm mãi chả,0
loại mặt lồn mãi mãi kí sỉ lâu tk db,1
cực kì thuyết phục abe,0
mẹ kia qq ghê v ? dẹo gớm,1
"óc thằng ad dc cấu tạo cức loại động vật .... ngta chửi ngu cức ... ,",1
xem bình luận phía chửi đầy hiểu . xem cách solo thua hành nhục toxic la hét óc chó kkkkk,1
nát hết,1
"mồ tổ cha mày . đăng lược bỏ chi tiết cty hổ trợ 1 thùng number one , bình đựng nước đá . ... tham thêm 1 chút đòi 10 thùng number one . đừg ngu tỏ nguy hiểm nha ad",1
"kẻ giỏi phá , ăn chơi , mất dạy , lưu manh , bằng cấp lảnh đạo việt nam !",1
cờ giáo hội .... tượng trưng hòa bình vs công lý . ko biết sao,0
chừa mê trai,1
vu quynh huong vãi lol,1
ngu,1
"chị đúng . trời mưa tắc đường . ô tô lâu thoát , xe máy tí lách đc",0
dcmm . khốn nạn . chó cắn áo rách,1
đấm trộng tài tay,1
k thoát . camera đầy đường . nghiệp vụ túm đầu hết,0
"hoàng văn tài trợ thưởng ko mất thuế , sợ ko tay mấy e đc ko nè",0
gay to vl,1
mực óc c đk ae,1
chừa tội nhây,0
con gái con trai chửi hả . t tưởng đánh con gái,0
cầu trung văn mễ trì,0
top 1 mn êyy xem giải mn êyy,0
aatrox gàaa,1
thầy kiếm thầy nè,0
làm sao đâu,0
"chúng mày con hoang , bọn tao nhà nước , mày hiểu",1
biến mẹ mày thằng lol . fuck,1
nay tamthan nangkhung batron,1
"đ t con mẹ . ăn cơm nghe đoạn bôi c mũi , c mèo đức phan",1
thật .. pháp luật thật mạnh tay kẻ . thái lan trộm xe tù chung thân ...,1
hiền,0
"bọn bắt đc chătj cmn hai tay , ko sử lội j",1
sống mấy chục conttent bẩn người ta ẩu đìa mấy đồng bạc lẻ đáng ?,1
trầm cảm fan đóm bóng đèn đít trêu ban !,1
xin lỗi việt nam thắng đc ko,0
woh wh chia buồn gia đình súc vật nhạc giật giật rác 5 củ bỏ,1
chửi l linh cá lon,1
co kg chi,0
tao chịu status ad tụi dlv nghe nhột ko tụi bây kaka,1
toan đựng bọn ngu phá hại làm quan dân nuôn đời vất vả ko nhôt bơt bọn ngu lai,1
xin vĩnh biệt,0
"chúng tao mày xin lỗi , . mày trọng tài hội bóng khuyết tật khiếm thị mù",1
địt cụ trọng tài,1
pham yen nhi,0
3 thằng chó,1
bán mấy sắm dc xe . đm bọn trộm cắp,1
"cay lỏ dái , jack ngu",1
bom đâu nhở cà khịa,0
"tự mòm liên hệ liên hệ đâu tự hào , mà còn liên hệ ntn",0
cút nước,1
"bớt nổ , xạo l , đừng phá nửa",1
yên chii dcm câu xinh đất r,0
"muộn xin lỗi ok , thứ cần câu xin lỗi",0
"mtp mượn tác phẩm gd , sky ke",1
fan cứng êy,0
tính liên minh mấy khứa vui phết,0
xin cc,1
cháu . sủa đel sủa dai . chú del rảnh . mắc ngủ vs mẹ cháu ròii . cút dc cháu,1
khổ thân cmt ko like top,0
"ngta việt đường nẻo , minh chứng câu",0
giống lệ rơi việt nam kkk,0
"t thích quyền ghét mực mực , coi xong clip tội mực ghét thang quyền bẩn tính vcl",1
đòi công bằng cách bỏ chu cấp 5 tr,1
xin buồi mày bắt cặc,1
liên quan ? quan trọng tang vật tài sản ngta,0
thg giả đấy mn,0
ngu lú lũ vô gông,1
thằng già kia đứng cười,1
tài sản dân,0
"6 k 1000 follow facebook , mua ib nha cân gdtg , mọi",0
"đội hình tuyệt vời . 1 nguyễn philip , 2 h t tài , 3 mạnh , 4 việt , 5 tiến dũng , 6 văn , 7 hùng dũng , 8 hoàng đức , 9 quang hải , 10 công phượng , 11 nhâm mạnh dũng .",0
phê ae,0
"xin cặc , cút mẹ mày",1
ong noi nay khung khung ngao da ma,1
tối nay tầng 7 gaming house,0
nay live kênh hả a3,0
chị,0
trần long hahahaha,0
khẩu nghiệp . con cháu nghe xấu hổ chết .,1
"chó phản ứng hiểu , đề phòng",0
dlv dlv dlv 1 ổ kinh tởm thối tha hèn hạ dm khóa cmt k zô chửi cm r,1
nghĩ lol trọng tài,1
cày thuê rank bk cc j kda lz z ba,1
lỗi ccc,1
đánh 3 acc up kc acc rank gặp kẹt rank ghê,0
ngu 1 dog,1
ranh con vắt mũi,1
lắp não . não thành hóa thạch,1
má tao 4 thg t chửi thối mẹ m đầu,1
bỏ chịu,1
"cai lol me tui may nhìn , tui mày nhin ki ba dc nv , dc , cđm tui mày",1
chị em,0
rên rên nghe kinh vl,0
trần thị ngọc ngược lại mặt lòn . bệnh hiến .,1
"đcmmm thằng svh , mặt mày nhìn hãm loll mày cút khỏi đất nước tao",1
xin lỗi mày bắt cứt,1
thầy . ngu ă,1
trời ! thương lên tiếng bảo pháp luật xử lý nghiêm minh bài học toàn xã hội .,0
công chiện ó xin lỗi,0
o vn tiện lam ngồi đở ăn đời ko ht dau,0
"nguyễn an huy mắt m lé nhóc , mở mắt to tìm cmt , thằng đần độn ngu si",1
mí fb thật ae,0
xin lỗi địt mẹ mày,1
phạm minh tuấn cày vew . nghe 1 bt r,0
tú sẵn sàng,0
ăn lương nhà nước no ăn cướp đầy túi,1
chửi xong khóc chó năn nỉ công đồng,1
bùi nga quỳnh chán chị,0
lũ chó chết . đkm loạn mẹ . xh lồn,1
"thứ t thề bắt , bẻ tay chân , k t lòng từ bi loại",1
câm mồm thối mày vàoooo,1
đít xanh đít đỏ ăn ns lấc cấc,1
má mày,1
"quan cs xứ thiên đường thuộc kinh , mở mồm ơn đảng , ơn chính phủ ... thằng quan tư bổn giãy hoài ko chết thuộc xin chịu trách nhiệm , xin từ chức ...",1
trinh củng đúng hãy xem cách gái đứng nói chuyện hai thanh niên lạ gái bình thường tiếp chuyện,0
ngu m cỡ,1
xin cac,1
tinh tế kèm một chút vãi loz .,1
"vi russ vi rút , ko cư xử con người",1
hãy biến indonesia thằng nỗi làm sao đói tham dự world cup 2026 sợ ăn nổi thái lan,1
đề nghị công an xử thẳng tay . đồ ác độc sống người ta sống xử chạm 3,1
đớp lắm,1
tươi dị hả thầy yêu,0
"đáng sách giày chung , pâc",1
tưởng mèo simmy ghê vãi,0
"thằng ml tạo acc spam . ăn , học tào lao .",1
thử lai trym đánh rank thách đấu a,0
"lam con trai giống đàn bà , đống cut cung thay dấu , hoi xã hội di xuong vi nhung phan nhu vay",1
page giả,0
cay lắm del gi dc t nhục lắm . kkkkk,1
đừng ném gạch mặt m,1
tí bóng bàn khuây khỏa,0
bọn súc sinh,1
hãy nghe ad hãy ỉa vào ad bost,1
đóm sáng đít k sáng đầu b,1
đời ngu .,1
bờ tao chửi đấy mày đéo tao v,1
bọn tù,1
nghe . tin tức việt nam cập nhật giờ . thư giỏi . theo dõi ưu tư tình hình đất nước đáng khen .,0
giết ng kinh doanh mẹ j . mấy thằng bù nhìn tiền ngập họng cỏng rắn cắn gà . lũ ko kết cục j tốt dc,1
nữ bóp cổ ?,0
chị chim .... nhìn gớm gớm ....,1
trần thị nga cầm tiền việt nam bắt tù đày tội duy nhất .... !,1
đụ me ngu ghi xàm . lấp đất đầy đồng tháp mười thinh c .,1
trời kg xấu quỉ miệng rộng . mở miệng dơ dái mất dạy . khổ mẹ đeo ba vàng giả .,1
tài nguyễn non xanh lứm,0
"chả thể thống , vô học nói chuyện đúng thiểu năng",1
"k nói thẳng thằng gia trưởng , con gái vớ thằng muôn kiếp bếp nổi . công nhân , sếp , sai .",1
quá khứ ma vương,0
mấy nghèo chết đói . v trc gửi đồ minh hiếu từ thiện dell,1
l mày chó liếm đâu mày đưa lộn người ta ăn thú vật đầu thai,1
buồn thật,0
xl qq,1
thương gái,0
ngầu,0
tốt nhiệt tình dễ lừa !,0
nguyen nhan ba con cái mặt ác hết sức ác,1
mày cặp mắt đủ bộ phận ah,1
đánh rank vàng bón hành ngập mồm .. hecerim rừng 2 17 xong bảo trái lean .. trình dct thật sự cho dù đâu hành đc bọn rank thấp .. thằng cày bk1 vàng,1
"họp kín , éo phóng viên . đm .",1
"m buồn cười , idol chúng m sai xong bắt ngta tìm idol chúng m",0
fake ae,0
địt cụ mày trọng lồn,1
bắt mấy thằng đem đập đầu khỏi giải đâu đúng khốn nạn,1
gần 30 t hãm địt mẹ mày đẻ đau lồn,1
minh hiếu nói chuyện duyên dáng,0
miền trung tao miền tây miền nam cc,1
ngược chiều tông kêu chó vàng giúp . quyền lợi mà còn pháp luật k tuân thủ,1
cố vấn cấp đàn c hó,1
đánh ngu chết cay j,1
xin loi cc,1
đm,1
suc vat thật,1
"má đọc vnexpress toàn lũ bợ đít chúng nó ko , chúc mừng đồ , lạy mấy cô hồn .",1
"t tưởng bọn m đòi bình đẳng giới , đòi nữ quyền bọn t cx quyền m . đụng vô lại kêu thằng đàn bà .. haizz thì ra đàn bà mắt mày tụ họp xấu , tiêu chuẩn kép ít",0
tham nhũng kỳ diệu 3,1
đhs ngu vl,1
sory con mẹ mày,1
nay thang ac qa .. ngta bán xôi cug lay ..,0
tùng xhaka arsenal a tùng,0
xin lỗi thích thời điểm k tay,0
dân chống quan chức chống,0
bán hàng vòng quanh toàn thờ ơ,0
"k game , k phim , k nhạc không thể ngủ mớ hỗn độn cảm giác khó chịu",0
khổ thân,0
đúng . k mấy thằng bụng bầu rước giặc diệt chủng đồng bào đâu,1
"nguyễn lê vĩnh hưng dell so sánh lứa cầu thủ 2022 lứa cầu thủ nay đồ nguu . lứa 2022 thất bại chửi vch , lứa 2022 ngôi sao gánh team nha đồ nguuu",1
tâm thần học vị ts . cám ơn ts vũ tiến lộc mang niềm tin cộng đồng bệnh nhân tâm thần .,0
xin lỗi song,0
"chia buồn gia đình kid xanh cỏ hết , sv nghèo hèn muôn đời nát",1
thương vk,0
"khốn nạn thật , báo ứng sớm lũ ham ăn nhác chuyên lừa đảo ăn cướp",1
chữ nghĩa đâu,0
anh em phúc hưởng họa tự chịu hehe,0
idol tiger mau việt nam chúng cháu nha . quý .,0
vĩn biệt cụ,0
bố thằng trâu dê nổ,1
nữ rên,0
mày nghĩ quan tâm mày vội ko vội . ngu v k l v,1
"đm đánh ngu , mồm tinh tướng , thua khóc lóc đổ lỗi , trông m đần vcl",1
100 củ to,0
sủa lắm ad,1
tình yêu hãy nhism korea,0
caitlyn giảm hồi máu ko hồi tận 1 k8 máu kia đâu,0
chị 3 e 200 triệu chymmm huhuh,0
"đm nứng lòn ghê dị hà , ngta đánh đôi 3 đánh đôi heo , dừa lòn",1
kèo bảo clone,0
tan nhan,1
mẹo m bé,1
giàu thật đấy .. đầu não .. khinh,1
chị lấy văn mẫu đâu,0
okee a ưii,0
m đứa mõm chó ăn cức,1
bóng già chuyển giới . nghe mắc ỉa . súc vật lũ bongs chó tởm lợm,1
bọn cướp chẳng,1
nhật mà còn loại ko não bảo vn ko .. chán dell,1
xe thêm khóa đĩa xích dây dài lấy lâu,0
việt nam sướng lắm trộm cướp no nê ấm lòng ăn 1 trộm cướp 3 tự hào vn,0
"giúp lấy đồng , giờ jack quên hết ơn nghĩa ? tóm tắt livestream",0
"chó , cặn bã xã hội đúng",1
mấy hàn quốc,0
lu bả,1
"thằng chó , xấu hổ",1
mày usd ma ban linh hon,1
acc fake ae,0
thành nguyễn mong pl can thiệp xử lý triệt để đòi công bằng cháu,0
cai mat nha tien tri tran dan.nhin giong cai phau cau ga cong nghiep wa mn oi,1
bắt sai xin lỗi dùm,1
xin địt mẹ m,1
nguyễn quốc an thứ học trò lồn,1
sang hết,0
nấu nổi canh chua bả lồn dám ăn . tao hả mặt mày nhìn trái hủ,1
"alo bắt kiểu trọng tài , hám tiền mức ?",0
hong vann,0
đkm đứa bảo idol trần dần t mắc covid đấy v,1
chủ cà phê trung nguyên,0
"sủi , đúng quy trình đấy",0
vô văn hóa vl nè,1
woh wh đễ sức ăn giỗ già mầy dắk,1
suốt ô xin chó bên mỹ đá dập mu 2 đái khó sợ nhức,1
trọng tài kiểu thủ môn nửa sân bắt bóng .. luật bóng đá trọng tài đưa,0
"chỗ sân đá bóng , can thiệp , 3 tan ác trời , ỷ tiền xem mạng như là rát",1
nguyễn mạnh im tinh trùng bé nhỏ bố dc sống r sống nhớ nha dum dum động vậ đơn bào đc tiến hóa chi uổng,1
biến thằng âm binh,1
mat lon linh ca loc nay choi xuong lam,1
"mong tiên tri luôn luôn khỏe mạnh , tránh dịch bệnh .",0
thằng óc chó fans óc chó,1
ngu vc cố đánh đ j,1
mặt chuột kẹp ngu bò,1
trần sang ổ cc,1
giờ mày xin lỗi muộn,0
"bọn khốn nạn đạo đức tận lừa đảo cướp bóc , đường",1
cuộc sống lường trc,0
ok haha đừng,0
chị 3 trã tiền minh hiều kìa,0
đume mắt mù tiền loz thik chơi dell công bằng đấy xàm loz ăn tiền quay xin lỗi não ko não vứt c . h . ó gặm roiif,1
giống thằng cha warwick đánh ngu live bên hàn,1
gài bẫy,0
tàn bạo,1
trung bình mấy thể loại hông thèm suy ngỉ đấy cmt wall fb đăng đạo lý thật tạo lớp mặt nạ đấy loại 2 mặt nhìn tởm vl thề,1
bảo bắt dân đánh chết đáng,1
hlv oc !,1
đủ cách lừa,0
đjt mịa thằng trâu dê,1
ờ ờ sủa cố đéo lũ nam kì chúng m bọn t đo cu,1
"chiếm đoạt tiền dân . giờ toàn thề thốt chơi chữ . tặng quà hối lộ . thằng cựu bộ trưởng đổ thằng thứ trưởng , thằng thứ trưởng đổ thằng bộ trưởng . lũ lãnh đạo thua thằng giang hồ tòa chân chính bắt chống phá chế độ",1
cầm quyền đất nước khốn nạn dân,1
địt mẹ mày bắt bắt tôm bắt tép,1
vụ bỏ tiếng,0
cu m nha,1
tuyển thủ top thách đấu bảo lỗi cỡ đc đụng chê,0
ô ?,0
việt nam độ tày độ phùng nhá,0
đĩ mẹ hỏng mạng,1
thằng nghề giáo dục cuồng like .,1
hhhh t buồn cười thật nhìn t dóng mượn đt mẹ m ko hhh,0
trẻ trâu đóng film hài hả,1
uôi a,0
đ . m thằng ad dùng ie,1
đứng đầu mẫu nghi thiên hạ,0
"sợ ghê thử coi nghe chút , xem hầu tòa ko ,",0
đánh ngu anti j đâu đổ thừa đc,1
rên chó,1
mày ăn cứt sủa chi hoài z,1
tuyệt,0
"tân khốn nạn , giỏi cướp ngân hàng , mấy chục tiền lẻ gọi cướp , hèn hạ",1
nhìn mặt ông bà . mong pháp luật xử nặng tay,1
fb real mấy,0
nữ giọng tuyệt vời đấy kk,0
"giúp mẹ giúp , cực kì thuyết phục mã chúng mày",1
xin đéo,1
bùn nhở,0
"loại chó , mày 1 , loại máy gặp đầu tạo đánh đo",1
địt mẹ lũ chó bán nước,1
phát mát đội tuyển việt nam,0
mimi nguyen z an toàn nhe cưng,0
mấy thằng hàn k sang vả,0
cảnh giác mê trai gặp buôn mất cảnh giác mát bài học,0
"thằng ad , mày điên",1
hương quỳnh,0
đeo xong kéo,0
tưởng đủ 10 k like bỏ game rồi sao giờ ytb nha ?,0
cày view video đê mn top trending,0
dog boy,1
dm trọng tài dm trọng tài dm trọng tài,1
cà khịa xíu thầy vô chửi cm,1
"coi xong cầu thủ vui mừng sớm không khéo xôi hỏng bỏng lũ chúng nó tiền nạn nhân chất độc da cam , trẻ em tàn tật , đồng bào lũ lụt , tiền trợ cấp xh",1
"clm đanha bạc , chát lol , chịu .",1
sai 1 li acc,0
"thuốc mê gây mê , thầy gây nứng",1
", xe máy đả",0
nhìn hãm lol,1
phuc phung tri giống cá giồ táp cứt cá lóc đâu,1
chó cắn áo rách dm xã hội thật thà thiệt thòi ke chôm cấp nho nho pháp luật thể loại đấy ko bệnh tật ốm đau chết me hết,1
tưởng xin lỗi,0
hiểu cảm giác .,0
add e mua mua đâu .,0
chuyên môn đổ thừa,1
hoàng minh sơn đức hiếu mic bên kia tk đấy chơi chịch hsao,0
biến mẹ mày,1
sry cc,1
"ca bồ nhìn , pháp luật ko nghiêm minh",0
taooo top game dễ t rừng vui hiểu m rank câm mồm người ta gánh t nghe t dell tâm trạng đánh t éo thằng t gánh m m hiểu,0
người ta vi phạm chịu trách nhiệm mức phạt đưa phương tiện hư chịu trách nhiệm ko hiểu,0
di ngôn cuối cùng thg đạo nhạc,0
theo đuổi nè hỡi thích gái theo đuổi,0
"dkm phat , noi nhu c",1
ngoc chu đme ăn sáng,1
thang khung,1
ba mày clm chó chết,1
k hiểu gái bỏ chay,0
clm mày,1
sư đoàn ưii v,0
chết cụ mày,1
fake nha trang cá nhân sập,0
minh công thật bây gio tui ghét bọn hàn ghét cức,1
ci kia k bít nta s đứng sát lmjv . biu dựng xe k rút chìa khóa .,0
"bố phước đc đ , ngta khinh đấy",1
lỗi lầm cc,1
người ta nguu m ngáo ? fan ruồi sáng đỡ bô rách 5 triệu,1
vcl aatrox dùng chiêu trật hết xong đánh chết adc,0
dột,1
ko khiên xin lỗi,0
lốn cài,1
trung giả kim,0
t cày 1 đêm ct td cmnl đánh mãi 1 chỗ ancut thêm m0m cno ỉa đầu k nhục,1
me may du,1
nguyễn việt hưng mời ae,0
sin lỗi ccccc,1
tiên tri gi gọi tri thần kinh,1
lao gia khung tien tri cai c .,1
lộc đéo cmt đc yên r . lộc cmt bắt gà ... bãi đéo dấu l,1
vinh phan chán,0
địch mẹ,1
cl bồi thường,1
kệ chúng mày mọi đẻng đám bò đỏ óc bò lo .,1
địt con mẹ m,1
chui khỏi hang,0
địt mẹ mày,1
nhìn thằng nguyễn mạnh cmt hiểu fan dách toàn lũ trẩu,1
ho tran xuong,0
linh cá lóc xấu xấu nết mồm xấu,1
việt nam thái lan cướp xe máy tội cướp ngân hàng việt nam ổn,0
bọn bắt đc đâ mù bép chúng nó,1
"map , ảnh pick tướng op xong win mấy kèo tởm , xong ảnh bảo ảnh one champ cao thủ , ko tư duy . đè 1 lane thẳng mặc kệ",0
thằng chó mày cút khỏi đất nước tao thằng chó đẻ,1
vụ c an điều tra,0
đúng trình tự mạng viết stt chửi đổng,0
thằng ku chơi gào thét nghiến nghiến lợi,0
xào lăn ngon,0
cực kì mã mẹ tụi mày thuyết phục,1
tầm nhìn ko,0
vô đb,1
tổ sư bố con thần kinh,1
"hiến máu chờ xét nghiệm kqua đưa máu sử dụng . đất nước văn minh , giống loài thượng đẳng đấy",1
con cháu tay rửa chén chê bai dũa móng tay !,1
địt con mẹ . mày ko 1 chó . mày thiên vị tuyển vn . cầu nguyện mày chết sớm,1
bro cter main hớ hờ eim 5 ty thích,0
mốt hẹn sang nè tram le diệp linh,0
thằng bệnh,1
trình đct 275 đ tự hào qá,0
luật thực tế nịt,0
kg lỗi j vẽ lỗi kg bắt lạt quay xl dân sai dân xl kg,0
"hiểu pê đê nhục , miệng sửa chó , đầu ngu bò , thân bóng vàng mã dơ kkkk",1
nhảm nhí . mày kiếm đâu tờ giấy vu khốg,1
đume m đũy già trọng tài cc ngta,1
mày ngu thiếu tôn trọng thằng ngu mực,1
bao chimiinh anhny thảo ng ba ria,0
thằng ngu,1
nam trộm cắp nhan nhạn sợ thật,1
con mẹ mi nờ thằng chó,1
hầu tòa đường hóng nè,0
cướp bốc vn chổ,0
"anti ví dụ ngu , bắt câm họng",1
quocanh tr,0
thịnn truon t liên tưởng m fl đừng tiếc,0
tỉ phú đấy tẩy chay đồ vô học,1
hết thuốt chửa chữa xin lỗi . thua cạn lợi,1
mấy thằng lìn vô xôi ngon kg kg e ngon . bán xôi mờ lem chảy nước miếng kết đắng lòng,0
nick giả đấy mmg,0
muộn,0
vc,1
câm mõm,1
vcl bôi cứt mũi,1
dàn cảnh cướp xe máy manh động,0
đưa a độ bắt ít gà tày khô gà bán đấy,0
"công kích cá nhân đóng góp ý kiến , m xem mới đầu t chả chửi xúc phạm m m xúc phạm t công kích cá nhân đấy",0
vãi cứt,1
tội nghiệp em gái rút kinh nghiệm chống trộm xích xe,0
cáaaaaaaa má tui cười lộn ruột,0
trộm cắp hoành hành,1
sủa câu ngứa dái thật sự,1
sale cc thầy,1
ko tâm sự,0
tao coi quỷ mặt rỗ trần đoàn tao tức lồng ngực tao ak,1
mê trai nhe,1
pham nguyen viet dung thằng hề điên,1
đưa lũ ngu cầm đầu hư đường hư bột hết,1
bắt đc đánh chết tò,1
"k thích trả lời , đúng mực",0
t . huỳnh,0
công ty thằng giách ng . u vai ..,1
cướp ng nghèo . cặn bã xã hội,1
lũ chó đẻ,1
đất nước việt nam một mình trousseaus,0
ý thức huấn râu . chán,1
hòn ngọc viễn đông óc chó 3,1
tiên tri xàm,1
mẹ mấy thằng trộm xe chém chết mẹ chúng nó,1
ngu vaicalon,1
"jack ngu dell chịu đc , g5r , thiên an , kicm , mr cường , viruss hại , hại 1,2 , dell hiểu chơi thằng thằng hại , thương jack",1
"bắt đập chết mẹ hết , lũ trộm chó đo , đe đc tụi",1
địt mẹ mày thằng đầu buồi rẻ rách,1
hải yến bố cái thái lọ,1
xin lỗi cl,1
dan ong dan ma co rau vay troi,0
chí bảo nhung chung cc,1
ông già bắt quảng cáo ae . sói said . v,0
tao buồn cười tao chấp thằng ngơ tao ngơ chấp 1 thằng ngu ngu chấp mày nói chuyện đít tao tao mày,1
nick ảo ? đúng nick đéo vấn đề,0
luật pháp ko nghĩ,0
sẵn e lun . hôm bữa e nhặt cộng lông nhà nghỉ ac đánh rơi tìm e e xin,0
"tội chị , tốt bụng lừa",0
đặng trường chia buồn gia đình kid cận huyết trồn lường,1
thằng ad sủa .,1
my ăn chai sting vô đầu nha thầy,1
thơ triệu like,0
đóm rác cay,1
đệt 2 r bốc mộ r,0
vui ong tran dan that de thuong !,0
bán 1 dòng thuốc lá thơm,0
lỗi cmm mày ăn hối lộ xin lỗi mày bắt thua 1 thằng nik,1
trần dần cộngg sản nằm vùng bên cali,0
cởi bố ngứa mắt,1
mẹ kiếp xã hội éo đâu,1
sợ khui sủa mẹ văn,1
rip anh em,1
"tao đố mày đời chạy xe ko vi phạm , bừng bô úp bô mặt .",1
bắt dc đập gẫy tay chân tay tù xong nv ak,1
cút khỏi việt nam,1
lắm a,0
xe xôi,0
khóc đầy tổ ruồi r,1
hoàng yến đâu trêu b xem qcao lẩu phan,0
bắt vn công bằng k bay nick,1
. lon . đm . đm dòng họ ad xạo lozn,1
dã man trắng trợn,1
nhân sinh vấn đề,1
ngậm văn kém lắm công kích ib ngứa đít lắm e,1
nói chuyện bẻ lái mãi v,0
mày coi não mày load hết cmt tao trình độ tao,0
đường cùng . m nhìn mực giống đường cùng hả bản thân m bảo đường cùng . loại nịnh dái .,1
khải nguyễn giá tiền,0
đoạn đầu z mn,0
baochau hoangminh thái coi t tìm dc,0
quả báo ko chừa 1 ... đợi sớm mày,1
"văn minh ko chửi mong xem trận đấu xem sai hay là . thủ môn cho dù phạm lỗi bắt bóng ngoài vòng cấm địa chạm tay , cầu thủ bất lực quỳ mặt xem thêm",0
chừa mọi thủ đoạn bọn cướp,0
đánh sion nhập thi đấu xong tìm mấy châu âu đầu tư nợ 5 củ tỏi khổ,0
tiếc hùi hụi miếng đất nước kìa,0
đâu . chúng mày . luật nhân quả chừa đâu,1
thằng mạnh chẳng ăn thằng . vn quân đội mạnh tí nuốt đc thằng cam kìa,1
lũ quan liêu tiên sư bố chúng nó,1
gọi tuổi gà văn minh ? tkg vô học vô ơn,1
già lấy tiền sữa mua giải anh em sói said .,0
đu ma,1
kịch bản đáng sợ .,0
đcm thằng súc vật,1
hàng lazada,0
bồi cạc,1
chị tức cười ghê chị đẹp lắm,0
bố thằng hâm,1
dy dy ng khen nè a đừng quan tâm review xem thử,0
thảo tròn nhớ đồng bọn qá cố gắng,0
mở mồm độc tài,1
mày rùi mở miệng thúi quắc,1
bất lương ! nghèo khổ bán xôi vĩa hè xe phương tiện đi đứng cướp cạn cưởm mất,1
xin lỗi đ t m m y bắt lỗi thằng thủ môn l n,1
"đm cướp j ác vy ,",1
chấp đ,1
tướng hợp,0
"moẹ mấy đ đồng cảm người ta cmt hãm vcl , đồng loại với3",1
lãnh đạo vff bạc nhược !,0
mắc đ t,1
lồn,1
bắt đéo đc,1
nhìn mặt 3 hách dịch ghê !,1
me lu nha nuoc dau zo coi du me an hoi lo la gioi ko bat het thu nay j,1
lỗi conkac,1
trình nc,0
xin xin cẹc . thằng lồn,1
người ta khổ ko tha,0
bọn cướp xe đâu con người đâu,1
"tk ngu vcl xem steam đổ thừa cay dái , tạo drama nổi tk cc nổi ngu",1
cậy tiền đánh đánh luật phạp đâu,0
dốt súc vật kèo bạch kim vàng rách oai,1
hùng khâu bạc chơi t,0
phan nhuệ má,0
mong trời xanh soi thấu xui khiến lãnh đạo nước trừ bọn trung quốc đuổi hết bọn quan con cháu bọn đảng viên cs ko trừ kể cả khỏi đảng khỏi nước ko cư trú ko nhập cảnh ko chúng,1
tú ba blue,0
lập kênh xóa kênh cũ,0
tính đánh win ngựa ngựa q q,1
lũ bắt đc khấc nhẹ 2 cọng gân chân thả,1
mấy cđ dislike mấy cđ khùn lồn,1
cuộc sống,0
m học tiếng lắm ko why đmm,1
địt mẹ trọng tài,1
kkk nhõi kia 2 k5 2 k6 sáng xin mẹ tiền mua xôi trình bày,1
xa hoi tồi tệ,1
thầy đẹp trai mấy đứa,0
đậu má xã hội tranh thủ cướp lẫn,1
"khốn nạn , báo ứng .",1
kiện kakaka,0
xin lỗi cc bố vote pay mẹ facebook,1
sorry cẹc,1
luc bao 2 len kc bn tien nhi,0
cực kì thuyết ló,0
bon con người nhân quả bọn mày,1
thằng chơi tiến bịp k xanh chín,1
"rác thằng ăn cháo đá bát lừa thầy phản bạn , bỏ vợ bỏ đúng ko",1
bé ba vailone,1
loại ni bắt nhốt chết . ghét nhất thể loại ni,1
"nguyễn phước uh , tia cực tím tăng lỗi mỹ , tàu , khỏi lôi chửi nhà nước , vn ngừng sx công nghiệp ngồi đói rã họng dew bớt nóng , bớt cực tím đc đâu v",1
sorry qq trọng tài bắt qq ngta v,1
khôi nguyên bảo cay cắn cắn sáng giờ,0
sai tè le bảo miệng đời toxic chúa méo,1
48 tiếng trôi lặng lõe,0
khoe puồi,1
bọn siêng ăn nhác,1
mẹ mày trọng tài,1
trọng tài bắt nghỉ việc vĩnh viễn fifa,0
minh khang hà,0
bất đồng chính kiến tụi thân trung cộng ghép tội vn phản động .... khốn nạn bọn chó svn,1
hoàng ngọc hòa sũa cc,1
ưi,0
"chia buồn gia đình kid cận huyết sua chill lofi thêm sinh động t , ang lễ già kid",1
xin lỗi cc t nè thg lồn,1
gdinh công vs cmang . gdinh ad trốn chui lủi chó . giàu béo ghen tỵ,1
"fb fake chửi trousier kẻ ăn hại bậc thế giới . 6 trận chính thức vn ko kiếm nổi điểm , trânh 0 cú sút goal . biến trousier",1
nguyễn triệu thu thảo mệt lòn,1
kêu ngựa,0
"bọn mày thanh niên trai tráng lm ăn đàng hoàng ko chịu , thích ăn cắp ăm trộm , mong bọn mày chết sớm xã hội sạch sẽ",1
572 gia định đòi đất .... kkkkkk .. già ngu vl,1
ý thức nd kém mấy bụng phệ,1
tội mê trai,1
"tiếng sai ngữ pháp , tọc mạch , ăn nói chả hệ thống đối kháng tưởng nạn nhân !",0
nhanh dị bâyyyyyy,0
fuck your asss,1
cút cụ mày,1
má đánh lộn đồng minh r,0
khung ổn áp thầy,0
mọi ng ko đc ăn hiếp zách mãi ruồi phát sáng,1
vn,0
trả lời lạc đề nhá .... 0 điểm chổ,0
tức nhiêng tiêng chi dũ chụ chần dần bình an tức nhiêng miễn nhiễm dới di chùng ...,0
trái lane toxic bú win dct,1
mồm chân ko hoạt động tuyển thủ vn vươn tầm quốc tế,0
ahihi đồ ngốk,0
bạch kim tự hào ác z,0
fb,0
ngu kệ mẹ ngta mấy đứa sân si ngta hãy nhìn bay quá trình bay ngta ko tau đéo liên quan ghét thể loại ko thích sân si,1
xin concac đmm,1
"dẹp hết lũ sư quốc doanh , ổ phá hoại đạo pháp cơ sở bọn nằm vùng phá nát văn hóa vn",1
khóc,0
fai 1 mày khóc thuê ad . sớm mày dờ gáy,1
cave mãi cave,1
thùng rỗng kêu to đâu,1
đ m bọn phản động,1
hai súc vật đội đầu quay cắn hả,1
tụi học trò vô văn hóa,1
"đụ mẹ tao giết dòng họ , tao phá đất nước mày tao xin lỗi ?",1
sorry đỉ mẹ mày,1
piến,1
lời xin lỗi muộn màng,0
dat ngo già ăn nói ngu học thếq,1
nghe mỏ xl ghét mày đừng mày mắc lỗi nha câm mồm cút tao thằng ngu,1
ngu ngốc .,1
đúng đóm nguu idol đầu bu . ồi giẻ rách xưa gvr đ mấy ae giúp đỡ thằng xách nước bổ cam lau dọn ghế cọ nhà vệ sinh đấy .,1
mày tinh trùng tinh trùng khuyết tật,1
bắc dân đuổi đc,0
nguyễn trọng thái xạo lol,1
lời xin lỗi muộ màng,0
dũng đào clm z,0
"hack fb , cmt vô tri lắm b",0
duoc tien minh hieu đy me,1
công nhận nịnh dái ghê,1
"dm giọng lol , em út tao tát gãy",1
"bên cạnh , đứng phía ăn chửi chung mẹ j",1
mẹ mi chó aen cức,1
thảo đào văn giàu hết r công . tay nhanh não . lướt fb nhớ gắn não vô nha,1
hóng mãi gala trần . ok !,0
má fong rộng z ma la ngột ngạt me,1
sán dây tuyên giáo,1
tha đớp ít c . ứt may . đớ . p tý . t .,1
mún tìm khó kkk,0
solo ko bạch,0
công bằng,0
"đúng kiện , tin zách cút",1
đúng xả hội phát triển,0
"tụi bây toàn chửi ko hết , lông vui",1
liu liu cứng họng,0
vl phú lạc đâu,0
chi ba oi quy chi chi hoc cach giau voi nghro day chi oi,0
thằng già mày cút cụ mày,1
dù bánh mì,0
bọn kia đập chết mẹ dân,1
đom đóm mãi đỉnh .,0
ko đc z thầy,0
việt nam k 2 ma túy hết đc tình trạng . giờ trọt nghiện ăn trộm ăn cướp đủ tiền hút hít . giờ phụ hồ k đủ hút hít,0
sory cunt,1
đéo tin . chả nhẽ lộ liễu hả,1
"đù bệnh tâm thần trung tá , hèn bọn đảng cs toàn lủ tâm thần hám .",1
địt mẹ mày xin lỗi thay đổi ?,1
"hàng ngon , t sục 5 phút bắn cmm",1
đm may thay gê qá,1
mặt ngu trình ngang mặt tưởng v,1
"phạm thanh tùng dm t cười , rảnh éo chịu",1
oke bột giặt aba tinh tươm,0
"đéo mức ntn , ngoáy đồ thật .",1
mấy thằng lolll ác trời,1
giết ad đập cl thua,1
face đcm,1
"anh trai nóng tánh quả đất , tỉ số 3 0",0
đàn bà lèo lon,1
trend,0
"page thành phản động ak , dkm toàn post nhảm k",1
nguyễn nghĩa mi mô ko nứng,1
ăn mặc đ . buoi,1
lm lồn thời hết skill dell trúng bảo team địch tool clm,1
ngu bảo thủ,1
tưởng diễn hài hải ngoại .,0
tin nhắn thủ tướng đổi đc tỉ bạc k ít . lũ lụt chân ng dân tin nhắn thủ tướng mừng rơi nc mắt,0
ko đồi ăn ăn cơm tù,0
"công ty giấy ấp 8 , bình sơn phát hiện nam giới treoco lô cao su . hiện cơ quan chức năng có mặt hiện trường",0
sorry lồn,1
xử lý ngài trọng tài,0
"suốt ruộng , chẳg qtâm đâu",0
vaidai,1
"da đen trẻ trâu hôi lông , chim cút",1
"đợi vb tiếp , ko tl đừng ngta sợ im",0
địt mẹ thằng rẻ rách,1
"nhìn tố chất , câm thành tuyển thủ chuyên nghiệp thành công lắm",0
nguyễn thanh cẩm lỗ xoài rộng,0
đúng luật đền . gi bắt xe dg chạy chu dau xe hư . giảm . người ta xe lam .,0
"tất ziên , , tất ziên , , , ,",0
rút kinh nghiệm đc sài nghìn tỷ .,0
liên quân,0
ca ra quân kiểm soát rượu bia mạnh mẽ ko ra quân trấn áp tội phạm chi dễ ta ..,0
tuyển việt nam thua tiến bộ,0
đại ca kata gánh còng lưng,0
miệng vòi bò nhức nhúc,1
bọn mày cướp người ta chúng mày quả báo,1
ba chào,0
"đồng bọn giàn cảnh , giả bộ hỏi thăm đặng đồng bọn lấy xe",0
"tưởng bố , mõm",1
trị thiên tao kêu hả ? mắc m tl cmt,0
tội mê trai hả ad,0
nầy tới số chửi lũ bắc kỳ,1
mẹ mày bắt bóng vòng cấm o thẻ đỏ,1
học quan trọng . già mà còn suy nghĩ hỏng chị . tỉnh táo đu idol kiểu chớt,0
tấu hài cực mạnh abe,0
mày cút khỏi viêt nam,1
chó ngửi ngửi nghi nghi,0
kinhh,0
đánh chết cụ mày giờ nhét cụ mày còi lỗ đít,1
clm ta coi ?,0
chó hửi 2 quài,0
gặp thêm chó,1
acc clon mấy bố tin cmt thật hài vl,0
thằng thiểu não may mà trọng tài hả ! nhục,1
mong pháp luật xử lý nghiêm minh k loạn hết,0
game cu lon nay,1
tùy gu nghe nhạc . có lẽ b quen phong cách âm nhạc hồi jack bh jack kết hợp phong cách âm nhạc hơi lạ nghe,0
xin video vs,0
cay dốt đăng ăn chửi no nê,1
ngu mày chết mẹ mày lồn lồn,1
"bắt xong xin lỗi , mất sĩ khí hết cò đâu",0
cực kỳ chân chọng,0
xin tk gửi tiền,0
ăn tết đúng cách,0
xờ lờ,1
sing hàn quốc . bằng chứng ngân cài cắm 9 điệp viên đóa .,0
ảoooo,0
đéo đở dc,1
ngu nín,1
"điệu hổ ly sơn ,",0
thu tuyền phan hợp nhóm,0
nguyễn thanh quang đc í tưởng,0
dừng đúng a dừng,0
trường hợp cai éo ji . dm nc éo logic cc ji cộng đồng chửi sml cm may lun nghiệp,1
đừng sai xin lỗi trọng tài tài lương tâm bỏ đứng sân cỏ ngại ngùng tí,1
ôi dm phát biểu vây coi dân nhu đồ ngu,1
fuck you al adba saoud ali,1
đitme bắt ruồi phát sáng r nè ae,1
sory qq,1
"1,1 tr like 6 tr view",0
chúng mài thoát khỏi công an đao,1
"tuân cười khà khà , cười quài . ta chời dễ thương thật thà",0
mấy thằg óc chó,1
"thằng chó đẻ viruss , hãy khả lại bình yên jack tao .",1
nguyệt ánh công chuyện,0
cháu nhỏ đừng xạo loz bố cháu tùng,1
sống chậm k . tết,0
v,0
buồn,0
nhìn cx xinh cx điều kiện mất nhận thức ?,1
chán đời ko bk thương j ăn tiền lao động sống ko bk lao động tự kiếm ăn ăn trộm cắp hoài vả ko chừng la khóc,1
đume lấy tiền đô đường quyền,1
"kata đánh , kda rank thách đấu kia .... gánh 3 thằng vàng bẩn dư sức , xui tự nhiên thêm 1 thằng đct bẩn vẻ hơi quá sức kata",1
xin vd pro,0
"đất nước qatar mọi rợ sinh thằng mày . mày mang mọi rợ đất nước mày khắp , trận bóng đá viet nam vs thailand",1
chúng mày chụp mũ vãi lồn chúng mày hiểu thằng cường auto chửi thằng bán nước ?,1
"tao mày giống sát chết ngồi quán , quỷ",1
"yogurt cứu lok , 5 ty",0
phãn nộ chó,1
địt mẹ lông,1
"mẹ , , mấy thú ..",1
thảo quần què nầy,0
phá đội tuyển câu lạc bộ cũ 1 kịch bản đội tuyển việt nam tiếp tục phá khá . con người giống việt nam gọi ngu nâu dốt b xem thêm,0
địt m . suốt lằng nhằng . nghỉ nghỉ cụ m . mấy chó . suốt đăng tin hãm lồn,1
tuyền phạm,0
lỗi chị nhung,0
"đóm , , đám ruồi lũ ong bro , đụng nhẹ nhạy cảm chích bro bầy đàn liền",1
chó việt cộng lo ăn cứt chó tàu đâu quan tâm phù vs chả xa,1
gửi mấy bò,1
xin cặc đjtme bỏ nghề dùm t,1
cảnh có lẽ a rầy hầy,0
mê cách ảnh thua vs anti,0
cau mong e gai tìm chiec xe,0
xin lozz cc xl,1
mầy,0
cám ơn ad thay đổi nhỏ,0
dm bữa ni đường 3 m ca đứng,1
trend hàn quốc học mót việt nam,0
ngu bố ngta . đăng cát stt ngta gặp k cãi vs ruồi đít led toàn k não mệt kinh,1
kia thần kinh nứng,1
a di da phat,0
miền nam gà ác,1
vip kkk đúng tuổi lồn,0
thích nhây,0
"làm ăn buôn bán kể cả đàn bà đàn ông , ngồi xe đeo khẩu trang tỉnh , ngồi xe mua gọi tỉnh , ,",0
nick sập r,0
tinh trùng khuyết tật xaolol mua ko xài đâu,1
cl dit conbamay,1
"chương trình riết nhảm , bế tắc . mời bọn tục tỉu , vô văn hóa tv .",1
mấy đứa mõm phật . bắt đc đập chết bảo ác . người ta cày mấy .,1
ca bằng chứng camera quay mắt nha chứng minh xe đạp ca coi tát tỉnh đấy,0
"a mấy đứa bợ đít , a e a .",1
"me mấy thằng lồn vi phạm luật giao thông , bắt hết con mẹ tụi mấy .",1
mực đần,1
nhục mặt chửi roi giờ chơi chửi mướn đề vk trả tien kaaaaaa,1
nick fake thật nhanh hoanganh tú,0
8 h sáng nhaaa,0
tài sản nhân dân hạch hẹ kiếm bánh mì thu biến dân thành sắt vụn bao csgt đứng đường nhân dân ta phát triển,0
tử hình con người thiếu ý thức cộng đồng nv ko . chả tuấn khỉ vs kẻ sát nhân máu lạnh,1
mấy thiểu năng trí tuệ táp v,1
đóm toàn rác,1
ủng hộ k atm,0
"thất vọng kết quả đội indonesia khiến đội tiến bộ . chịu trách nhiệm kết quả , trận đấu cuối cùng , chiến đấu ba điểm vinh dự . hi vọng động viên . hãy động viên",0
24 h lụm ngây,0
xong r xinloi,0
bọn khốn,1
"10 ngàn nè , 2 chục nè đường quyền hông",0
rùi a,0
xem lũ chó cộng sản ko dân chủ nước đất nước tự do kìa .,1
đánh ngu người ta chửi đánh ngu ngta nói xấu vãi l thật,1
"chó , đéo",1
bồi thường 5 củ đc k,0
trọng tài lòn bóng chạm tay bên cầu thủ thái lan thổi,1
b ns hài vãi,0
coi tu chu den khach.met dai qua.noi chui ma deo thay chui toan la quang xam lo ko,1
địt con mẹ bọn khốn nạn,1
"fan cu tùng sói , vãi thật , thương yêu đc , già đâu fan đứa cháu vãi lờ",1
"mong pháp luật , sử đúng tội . ko chúng nó cậy tiền , quyền coi mạng cỏ rác .",1
bi cháy nổ công an chịu trách nhiệm bồi thường vô điều kiện,0
đéo tiền bọn kinh doanh ngu chó . tiền,1
chia buồn gia đình kid cận huyết nghèo hèn sua chill lofi đưa già kid an nghỉ,1
xin cc,1
cuối dc dùng facebook đấy,0
dùng toàn luật dầu mỏ bóng đá sọt rác đâu dơ mức trọng tài,1
thk hassakon thái lan chó giết thịt . việt nam thắng thái lan,1
loại ăn bẩn sống lâu nhục chó,1
chơi vs đc kêu chơi hết,0
"địt mẹ suốt mị dân , nâng bi tự sướng",1
xám xí,1
ae bình tĩnh,0
mẹ thằng chó đẻ mày bắt bóng ngu chó,1
oiiiii nàng công chúa,0
xin thằng cha già mày,1
luật ăn trộm xe bắn bỏ xem thử trộm ko,0
trẻ trâu đép,1
nguyễn minh phương ngủ luônnn,0
pha ke đầu tư,0
kien tran 10 tỷ căng,0
ngu câm,1
công vinh thay tốt,0
"thật sự , kda cày thuê thuyết phục , đề nghị khởi điểm mức giá bk3 kc4 10 đồng lẻ 1 xu đéo tranh dành đâu",1
mồm kêu chơi hết mình bet 800 k tồ ? bạn bè loại m vãi l bi a,1
điên xóm đao,1
nozza nguyễn mấy câu tiếng mi,0
bảo ghép v,0
troussier cút khỏi việt nam,1
thằng chó ngọc bưng nồi cơm ngồi khóc bịnh viện ung bướu hít thở không khí ô nhiễm !,1
lũ khốn nạn,1
xin lỗi xong tinh trùng khuyết tật,1
chi ba khac moi k co cailoncat khong,1
2 nói chuyện co gái đồng bọn đánh lạc hướng,0
mạnh nguyễn quang huy nguyễn minh quân nguyễn huy so djt tk bà già m,1
chó ăn cức,1
face r tui xin fb trọng tài,0
bắt lol,1
hát quảng cáo,0
bệnh dịch corona cuvid 19 lai tạo . giặc corona cuvid 20 lai tạo . 2 loại thuột dạng báo đời,1
mất nc . khỏi quầy,0
love 3,0
"thằng ngu , đầu đất",1
thằng điên văn câu like rẻ tiền cút,1
phúc báo dịch sát đít du lịch đéo mang việt nam đéo hiểu mấy đĩ giàu,1
why l n mẹ mày,1
mày sv,1
nhìn mặt cụ đảng rằm 7,0
xin lìn dân tao,1
chia buồn gia đình kid cận huyết sua chill lofi,1
hòa bình công lý ? làm loạn 3,0
gái mẹ m,1
xin lỗi qq nha,1
xin mả bố m nè,1
biến . loại bảo thủ . ko giỏi ko ngu dốt đâu .,1
máu lồn gái thái đố đầy mồm thằng trọng tài .,1
quan trọng đồng lòng ý thức,0
a chăm chỉ nayd a cố găng lỗ đít a mọc đinh kiểu đấm xoa .. rap fofun vc,1
hoài đặng tối cosplay sion ae xem,0
tuan tran tui lặp câu chửi hơi,0
nguyễn kim chi lây khỉ rồi sao .,0
chuẩn bị bay acc trọng tài,0
mẹ . bắt đáp chết mẹ,1
giờ tao hối hận nc 1 bò,1
xin cai mẹ mày .,1
đấu khẩu chim lợn,1
đm mày thang chó bán độ,1
tiến lê bố m thích đấy đạo đức cl,1
ngỡ black widow,0
xl loz mụn rr ku,1
câu ae gửi gắm tiệp,0
thần . gió chieu nao . che chiei đo . khau ngiep.chet ko đau thai,1
xin phép copy,0
ăn cấp quả báo,1
mẹ mày trốn học thầy tao khịa,1
mai lúm thật k,0
mé xem manh rõ ràng đcm,1
mẹ nhaaaa,0
"công núi thái sơn , nghĩa mẹ nước nguồn chảy , rảnh phụ mẹ giúp , cực kì thuyết phục mả cha chúng mày",1
"bọn lừa ưa nặng , quen đưa đít nc thông",1
lun . sợ,0
hảo hán,0
toàn bãi rác công cộng,1
hlv huấn luyện đầu bòi đá chả sút dc phát loz ra hồn,1
link thật,0
mày ko thay đổi ko khóa mõm khóa tay mày,1
,0
cực kì thuyết phục,0
mất hết,0
xong ăn lol,1
mấy chó doi ăn vô tu ăn,1
tao địt vk mầy tao sorry mầy chịu,1
mất dạy,1
che mặt,0
5 tỉ tiền bàn phím,0
mẹ tổ mi giờ xin lỗi đc ích chó,1
chửi ô đúng quad bênh k nổi,0
mày ăn tiền người ta free đéo đâu chơi bời v mực lz,1
thu nguyễn giả vờ nè,0
tập cj lâm khánh chi đẹp nhìn hiền dễ thương ghê,0
đánh đb dcu m,1
nhóm bóng đá thailan k . sang chúc mừng nước mua trọng tài thành công,0
chạy đâu thoát ca tích cực điều tra .,0
cực kỳ thuyết phục êi,0
bán kh lo ..,0
dell m xl,1
mai koo dc lam fan cung,0
má trọng tài bull shit,1
xem live đánh 3 game 2 game bú rank bkim hài vkl,0
"ô nhiễm thành phố hôi chết mẹ bảo sương mù xuất hiện đẹp đà lạt thứ hai , hà nội đẹp sapa , đà lạt sapa",1
j đâu chưởi việt nam trưởi người ta đúng bã quan tài đổ lệ,1
khốn nan . súc vật .,1
dừa lờ t lắm chừa tật chơi dọng dọng mẹ chặt,1
thảo ng thua dốt av qa v,0
mê trai đầu thai mê,0
đừng tự biến thành nạn nhân trời,0
nguyễn chất ti vi hỏng đúng,0
tham nhũng hèn chúng nó giàu,1
ngô sĩ phú eh,0
thằng trọng tài xúc nô,1
noctune huyết trượng đầu ?,0
"t chả lên tiếng toàn lấp lửng ng hại , lấy luật sư hù thiên hạ , lấy niềm tin tụi fan . rẻ rách",1
thằng chó ăn hại bất tài,1
mửa dái t âhhahah,1
kda toàn âm lính ko game fam gần time,0
ngu thua khóc lóc l,1
chúng mày ko nhịn tham ô cửa quyền .,1
khá tú,0
thời ha,0
chả tk già đầu nc kiểu nguu m tao thật bớt sỹ,1
"h xem clip 2 var , 2 bố chơi game toxic nhma công nhận thẳng thắn đ ưa nổi th quyền kalis thật , kiểu đm cùn nghề bẩn tính thật",1
vcl,1
"thấm vãi l , đống cứt bay chả dám phản bác kkk",1
trọng tài mua . thái lan nhìu tiền .,0
bọn chống cộng già sợ chết,1
đăng ninh ke me m,1
xong trận trọng tài đổi nghề,0
linda minh hiếu nhì hihi,0
"hình như đằng chữ hotel , bỏ qua bước hôn má",0
cmt học c2 đâu nhóc ác đâu c2 nói chuyện đéo tỏa lịch sự,1
lữ bố cao bằng chất,0
thầy ba dơ lắm,1
cúp địt mm ah,1
"đấy , địt mẹ bọn thành phố đòi bình đẳng cộng điểm , chúng mày sống thử hộ tao",1
đúng xem mấy clip nây tha đůöc nhìn mõm góm,1
địt cụ m bắt lồn,1
kkk,0
xin an cút,1
jasmine bui tứ quý chặt đc đôi heo hết,0
oanh võ học quan trọng bé . học tư duy đúng sai kkkk,0
pháp luật . công an . chính quyền lm tụi lộng hành,0
mom ko moc dc nga voi,1
tị tào lao,1
acc fake mấy ba,0
mẹ ăn cơm ăn cức đâu bênh ido nguuu v gái ngta v khôn,1
lũ an biếng chiếm đoạt tài sản trời tru đất diệt,1
"tóm lại a chung ngáo đá toàn lung tung , hầu như phát biểu chuẩn mực thương dân thủ đô đứng đầu vô liêm sỉ ......... tốt a í trại cai tiền kkkkkkkk",1
lắm 35 ng cbi hỏng cănng cháu thpt nghỉ,0
lun jack,0
mực kèo vs vayne,0
xin lỗi mẹ mày,1
dám khinh thường tài t,0
trang đồ xinh,0
ko sợ khui bí mật động trời cố giấu,0
hồ vy thề y chang,0
xin vĩnh biệt trọng tài fb trọng tài ko đc lâu đâu,0
dep wa,0
nghèo gặp cặn bã,1
xôi ngon !,0
kon mẹ riết tụi công an điên,1
chết cụ nội m,1
xong hết đường,0
"thoát lưới trời , thời 4.0 trộm cướp , 5 10 người ta điều tra phút mốt toi",0
chó chết,1
xin xin th m,1
bọn hại lỡ tụi đau công an bắt bỏ tù .,0
chiu,0
bọn khốn nạn gặp ma,1
người ta chồng thơ dại .,0
cạo râu kìa bóng lông xiên,1
chuyển giới,0
hiếu bến tre lũ haha cặn bã,1
ôi fake,1
đéo ngoa xh nát vcl ế,1
vn .... 1 đất nước tự do ngôn luận thứ xa sĩ .... vãi vn ...,1
lỗi cặc bộ mặt hãm lồnnnnnn,1
thùy trang kokkai pham,0
chán thật,0
luật sư nguyễn thơm xóa hết bé ? khóa commnet luật ko bào chữa,0
đm thằng thớt page đúng thánh tổ lái kiểu đéo quay đc . phi tên lửa mõm ít thui k lái đường bom nổ chết mẹ mày đấy .,1
"m chửi cố zô kêu việt nam thua giờ xin lỗi lòng tự trọng ha , ăn tiền cố gần hết trận xin lỗi , đc ko nghỉ",1
vô chửi,1
thẻ đỏ trọng tài,0
top mạnh gig,0
"nguyễn hồng phúc má , nghỉ trọng tài , trọng tài cứt",1
"thử trộm xe ngân hàng tiệm vàng coi , trưa trộm chiều lụm liền , dân đen . mua e",0
cảnh giác chim moi,0
xh vô cảm,0
"mo mom biet ngu.nghi dung tu nhin ,",1
cày thuê đâu ní,0
nhìn mặt chó ngu,1
thích p . giúp đỡ ngèo . dmcs . đéo cặc hết toàn mầu,1
tiền k xem trọng sau này cháu húp,0
loại cách ly vĩnh viễn,1
thầy tụi bay nè,0
"nhi mày thuộc thể loại vi khuẩn , vi rút hả . mày ch . ết mịa mày nè",1
kể cả mở nắp bồn cầu đái nhẹ nhàng thanh lịch . đm rớt vài giọt mép bồn cầu t nhìn tức nhức nách,1
công kích z 3,0
"công nghệ môi trường nhật cản trở tham nhũng công chức búa liềm , đúng hài sản",1
ghê d . giỏi m táp hết mấy ng cmt bênh m . t ủng hộ,1
"j97 ổn lào nhận vơ hả , ăn cắp công sức ngkhac ko ngại chịu r",1
trẻ trâu,0
sáng tỏ ?,0
bỏ tật n ng lạ,0
thần kinh tọa,0
"bán xôi . noi xôi , mua . lắm , bàn kinh tế chính trị hả . trai tươm tướp",0
3 thằng tồi chúng mày xấu mặt đàn ông bọn tao,0
"đền cc nhá , nước ng ta phá hoại , dân đéo đồng ý nhá , tay sai tàu đồng ý . cút hết nước",1
hhhh vả hâhhh t cười ẻ trò hề,0
tốt giết bỏ vài thành phần óc chó,1
chừa tội me trai nha trai vô nha kkkk,0
ad page quan tâm đâu . quan tâm đểu xoáy . đm ad,1
t nhìn clgv,1
top dog,1
xin mẹ mày,1
philippe troussier bách nhục,1
lo soi mói ngta xem ny mày ngta nút lưỡi kìa thằng ngu .. ngta đăng bán acc đọc chữ éo đâu cmt ... thứ học ko chốn,1
". tìm hiểu dùm nhen , ko tây ăn cứt ta ăn cứt nhen !",1
hanh le happy story,0
tự kỉ mệt mỏi gặp ảnh đéo đỡ nổi,1
nàng cạnh tui,0
"hanh viet giúp mẹ giúp , soi soi mã chúng mày",1
chơi gêm rên ác thiệt,0
thích yêu cmm bắt m đợi lồn . đợi lí do tìm xem kèo ngon,1
thầy k ta,0
idol tui,0
dân việt nam ko dư tiền đâu mấy vff,0
ê cu . chửi lôi bắc kì hả thằng con nít . tiếng việt đéo sõi bày đặt tiếng nhóc con,1
nice,0
2 r tòa đâu,0
thằng cu cay lắm òi bro loạn ngôn chuyển dần phân biệt ae nam bắc . t sài gòn . gốc sg,0
mong rách vượt bão tố ko thêm rách,1
cắn,1
"thằng ad hùng hồn trung quốc bảo mày xả đập tao , ko tao ném boom mày . ad mộng du",1
"giá xăng rẻ vài ngàn đồng , thu nhập cá nhân thấp vài ngàn đô , thiên đường xhcn",0
rank bk cày thuê khổ z . trình lb kéo k .,0
"ý thức văn minh , chót vót đéo nổi .",1
"giữ lâu , phạt , thu tiền bãi , đem xe sửa tiền mua",0
bọn ngồi mát ăn bát vàng bắt tù mọt gông !,1
đạo thiên lý nghe memories maroon 5 bé,0
đần,1
đánh gà đtc đồ ha,1
"ae xin 1 đăng ký kênh , , ,",0
sory địt mẹ m bắt bẩn cc loại m sứng đáng bú cú bố m,1
cút nước,1
hai vu truyền thuyết hả,0
ri đị mẹ mày fake,1
"mày tiếng vn , đẻ vn đấy ad chó ah",1
"đm trang phản động mọi . thp doanh nghiệp nhà nước làm gì sai trái , bọn đào bùn lấy cặn đấy .",1
bố mẹ tự hào lắm hâm mộ đứa bỏ,1
giống abe,0
khuyên thầy,0
nghĩa nguyễn dễ toang lắm,0
"jack công ty j97 thiện chí liên hệ , rõ thông tin sai lệch vừa qua phía viruss . mong viruss đại diện bên phản hồi sớm jack . đồng thời , ngừng đưa thêm thông tin dẫn dắt cộng đồng mạng cá xem thêm",0
ngu thích thể hiệu toxic ngu học chơi game bớt ảo tưởng mặt lồn zero,1
gái non e đưa đường ko mo khẩu trang đeo tra lời y lam,0
cu bé,1
mã mẹ mày,1
vd sủa farm tốt out farm ngứa đít vl,1
già đầu đừng t chửi nhục mặt,1
khốn nạn,1
im cmm mồm . đòi dân chủ hóa . đm thg tàu bóp chết . tha . bật xem thg dân chủ cạnh cầu cứu k . toàn mấy thg xàm,1
tao tưởng coi thằng thiểu năng vs dẹo,1
t tưởng t coi sếch,0
huy vũ đánh sion đúng cách,0
đỉ mẹ m,1
"thằng ad k bme tù đấy , rõ khổ",1
lũ qatar bọn rác rưởi chúng mày hối lộ đc đăg cai wc . lđbd chúng mày lũ súc vật,1
dường như trọng tài tương lai ae việt nam acc tài khoản ?,0
"vây , , , ko tân hiệp phát",0
"khốn nạn , mẹ thanh niên sức dài vai rộng trộm cướp , thứ chó",1
tàn nhẫn,1
chết ha mấy đứa,0
fake mọi,0
mấy thánh mõm onl bắt đầu,1
đúng bồi thường 5 củ 1,0
lý cẩm cương ngu rời dậy đéo tư duy đồ,1
loại ăn hại,1
mày não,1
xin địa chỉ bán áo,0
bỏ fan tồi tệ thật,1
đc,0
4 thằng ko phãi ba ... bắt đc đánh què tay,1
"vn giờ luật chộm cắp tử hình , bố tk dám chộm , thề .",1
nghỉ mẹ,1
"mấy thằng ko ăn , ko tôn lâu đâu , thể gặp báo",1
tại sao dùng kinh nghiệm tại sao tin dùng cầu thủ trẻ tại sao,0
su bin phía 1 gái,0
ui toàn lũ tham ô tham nhũng . hốc hết cứt dân,1
gà ngooo gg ez,1
tr dmm,0
ko khách sáo . tài trận thật sự thiếu công bằng . cẩu thả treo còi vị,0
phía công ty thiện chí liên hệ bên kia . bên kia mau mau hồi âm xem đừng im re như thế . sao lắm mồm khua múa nhanh lắm . mấy ko sủi tăm ta . hiện hồn nhầm xuất hiện,0
só cailoll mẹee m ngoài vòng cấm phạm lỗi ôm banh phạt thẻ vàng,1
tham gia .,0
đụ mẹ bắt vô r giờ xin lỗi . xin vĩnh biệt mày,1
"cút mẹ chăn trâu , hlv ngu chó",1
nãy ko xin lỗi tao vĩnh biệt mày,1
khẩu nghiệp tụ vành môi v má,0
khốn nạn xã hôi vn !,1
để ý xe nha kakaka . kieu ly tào hữu nghĩa,0
linh cẩu,0
ko tí phá,0
mắt oắt tai rơi,1
dm bóng muộn màng nhìn gốm vkl,1
"trossie dẫn dắt , tương lai việt nam thành nhật bản thứ 2",0
alo đc,0
m bắt đáng r thằng ad hãm lz .,1
tốt khuya ngủ sớm !,0
chuyên lắm ... nhiệt tình,0
mọe loại trai đéo nữ . xàm lol quen,1
địt cụ mày,1
đm abe giống bóng vcccc,1
3 thằng hèn .,1
cc acc fake,1
tay tay,0
sen cướp sen dí ko kịp bảo vệ chủ v chết r sen,0
nguyễn hồng cẩn thận cháu,0
đâu khóc sầu,0
tưởng đánh nguu,1
đúng ván lật ngửa ..... ha ha ha ha ....,0
uk đroi,0
lí do mắc mệt,0
diệu linh đầu chơi trung thu tar,0
lol nghĩa cười to cười tao xem cười to cười hả,0
thùy trang thứ điên v mày,1
quên kéo,0
lũ máu lạnh bạo lực,1
link đâu con mẹ m,1
live sợ đuồi bầu,1
đàn ông đứng quảng trường hét to lãnh đạo đất nước thằng ngu .,1
phoanh lee đọc đỡ buồn,0
thương vr đạo nhạc sp đạo cl,1
nội fake,0
coi chừng,0
bg vn thanh niên sống nhục ? sống uông kiếp sv chi ha mồm doi người ta quang ăn thua ăn,1
giống loài tỏ thượng đẳng chả củ lìn .,1
bán xôi kiếm đồng lẻ cướp kg tha,0
lữ văn thánh bảo trẩu,1
reffere dick,1
vtv1 tẩy chai đỉ trần mu,1
giờ gọi grab ship hàng thui đường chi,0
fake tự nhiên vô hứng đạn kia,0
trẻ trâu,1
hãy cút đi thằng già hlv óc chó,1
yêu chị .,0
bọn khốn nạn hy vọng bọn chúng sống lâu,1
má,1
ad phố hcm củ cải . kêu sài gòn nghe cai tên éo ưa,1
ăn cúng,0
"người ta vi phạm giao thông giữ phương tiện đóng phạt , giữ tài sản người ta trách nhiệm , chơi luật rừng huề",0
tội gái bán xôi,0
vr hẳn 1 buổi stream đối chất tính jack đưa bằng chứng,0
xàm lồn chửi chửi chủ yếu ăn tiền mạng . khùng thúi,1
. mở miệng phật phật .... đỉ lol ... ô ế cửa phật,1
ngu thua cay,1
chó đồng phạm,0
dô chó trọng tai trạm tay tính ben,1
nguuu chơi game quạo,1
minh hiếu dethw,0
đéo cao bằng gặp đc đcm,1
đằng chả mất njk xin lỗi lmj mệt,1
"thương thầy , thầy sela",0
"dm , giàu mặc lol người ta bảo đẹp",1
bỏ tụi bây ăn cướp nghèo giàu hông cướp,0
ditme bỏ nghề,1
đúng r ..,0
ngọc quyên cẩn thận nè e,0
đù má ság mò cl j đc page loằn vl . toàn mấy đkm tháh rãh cmn hág . xin lỗi e hơi thiếu lịch sự tí . e xin xin phép dí buồi mặt ad . page vl,1
nhân dân vn tức là cờ đỏ . đám cờ vàng lũ súc vật lưu vong . hiểu hông ?,1
thằng chó 3,1
nghe đấm tai,1
khóc lóc xin lỗi,0
"đọc cmt t buồn cười vcl , fan thằng toàn mấy thằng trẻ trâu . đéo hiểu kiểu , đánh ngu rõ lắm",1
đính chính anh em tài khoản giả mảo,0
bọn tuyển thủ top tier hàn choke hoài mẹ j ba thg rách cẹc j ko choke,1
3 nhìn mặt bt cô hồn quỷ r,1
loại mau chết hết sống ăn bám trộm cướp xã hội ưa,1
xem tom jerry đừnng xem mèo tom,0
tội nghiệp cháu hy vọng phép màu mẹ đỡ đau lòng,0
"xin đừng tin xã hội lừa đảo , cướp giật , trộm cắp khắp .",0
chính sách ngu dân hiệu quả,1
chúa ko thể cứu vãn nỗi con người quẩn trí 1 cách ảo tưởng,1
cố tin,0
mày cút khỏ đất nước tao . loại vô dụng,1
hahaha ngu tỏ ra vẻ uyên thâm xog giờ oẳng tỏ ra vẻ cao ngạo,1
bỏ tật hóng hớt,0
xử lý hình sự sáng mắt đc !,0
căng thẳng bro,0
mk thích xem a độ đá vs a bô béo,0
kiến hoàng chơi sion đúng cách nè mài,0
lũ khốn nạn .,1
trí trần xuân thương bro,0
long đào tội,0
"đâu t , chụp màn hình",0
đinh thanh tùng lên tiếng bảo vệ jack,0
đéo thích cút mẹ,1
lũ khốn nạn . rút sương máu dân,1
nguyễn thanh tín thằng đàn bà mồm dính cut,1
tính mấy thằng ăn cướp thông minh ...,0
"chó ko , trộm cắp cướp giật , tăng hình phạt thật nặng , ko xã hội loạn , trộm cắp cướp giết , tham ô , tham nhũng , xã hội văn hóa trầm trọng ,",1
3 ngu vải hahaha,1
yêu ghê hà,0
bọn bẩn thỉu nhơ nhớp xã hội xem ức chế thật tội gái .,1
táo k đẩu trả xem,0
v rapper xem bao màn sấy mắt bản làng,0
điểm gay ấn tượng nổi bật,0
"loại mê trai , dại trai , đáng lắm , chừa ,",1
loại mày thiếu lão đòi trọng tài bắt ngu đéo nhục,1
cổng xấu vcc,1
ăn bẩn ko chừa thứ kể cả bê tông .,1
bio page viết sai chính tả ta làm ăn đc,0
đào quang huy master lê ng lê như ý sara catoner tên tốc chiến global ban,0
lỗi cc bé oii súc phạm việt nam xin lỗi ah ko chịu đâu,1
"ý thức đúng bảo vệ cộng đồng , đâu mấy loại trốn khai báo , khai báo sai livestream khoe trốn cách li đâu , ý thức chuột cắn . hãm",1
thg mực đánh óc chó đéo ngu,1
"2 , đc j chx , ko tố ,",0
dm trọng tài,1
tao trả tiền mạng đọc mấy tin tức lol . quang hải thằng quan tâm vcc . ỉa giờ đăng báo,1
"thách đấu , toàn thuê bên kia diễn",0
thằng oc tính kẻ chủ mưu va tù nặng,1
"bố m bảo , h nhục chó , đàn ông đàn ang cmn chất , sợ lồn",1
kêu call video coi tuổi thử,0
hanh viet 1 hoa 1 vùng cứt,1
hhhhh show nhìu hành động,0
xin lỗi cặc,1
kết quả thành tích thể mày việt nam,0
nhanh,0
nhét cu mồm,1
vietnamfootball xem,0
"you should retire , bitch",1
lủ ko nhân tính . sớm gặp báo ứng . dời vai trả dến,1
mong pl trừng trị kẻ xem thường mạng sống đe thế hệ trẻ,0
nói chuyện n .. câm . ko cmt ko tay tật đâu,1
mong sau này con cháu gặp tốt j .,0
quânanh dogy,1
trọng tài cận bay acc . xin vĩnh biệt cụ,1
"ta ước gì lão hitler tái sinh đất nước , hết lũ cặn bã dơ bẩn",1
chấp thằng thiểu năng trần ngọc giàu,1
toàn thanh niên ham ăn chơi lười lao động ...,1
đội trưởng mĩ hihihi,0
nguyễn văn nam that khong,0
sân bay nhục phụ,1
chó ăn cứt,1
ngu thi chet khoc cl,1
đánh rank bạck kim đc bạch kim gánh sướng,0
nhìn a độ hồi xưa chất,0
what the fuck,1
tội z anhtrai,0
củ cc đấm mỏm cmm giờ,1
"chế độ tốt sinh con người tốt . hết xả súng da đen , trẻ em , cs mỹ 3 trò ..",1
cai thu me trai gio travh,1
lồn,1
xinh vaicalon y kien gi,1
10 k 1 k follow mua ib,0
bản chất thật bọn cơm sườn công khai lộ liễu dấu diếm .,1
nghỉ,0
like cm tụi ăn ham hố trời . lũ điên,1
xin vĩnh biệt cũ chờ bay acc,1
thag chơi game ngáo lun qa,1
bất lực,0
ma toi con mẹ,1
anh em yếu sly ib,0
mong xe ô tô hai thằng trộm chó,1
lủ vc đcs bịnh thần kinh ác hiểm dân tộc vn !,1
k check map xoq ngựa ngựa r s thua,1
minh đặngg chúng nó bắt chước,0
sorry cặc,1
bố lạy mày,0
lmaon t ya ảnh quạo,0
cách giải quyết hợp lý xác thực livetream linh tinh kia,0
"ghê đấy , ủng hộ thêm shop xem",0
tại sao xin lỗi ?,0
"thg chúa toxic , ngta lâu lâu chửi mở mồm văng tục",1
cầu xin phật trời phép màu sống mẹ chủng loại bọn khốn nạn kia pháp luật đâu công lý đâu hãy hống hách tàn độc kia luật,1
bố lạy mày đừng hiếp dâm thị giác bố ad,1
abe muôn,0
idol tui . v phò tiệp tiệp j . đm 1 đàn bà .,1
"3 tán gia bại sản , trả nghiệp dừa",1
mày tưởng xin lỗi xong ?,0
woh wh acc clone trẩu,1
trông nch mấy đứa c1 nglon chả nch,1
linh ngô tội tôn sùng hóa ra ngu đần k bản thân ngu đần kiểu j lấy bản thân sửa lỗi viết đéo hỉu học kiểu j đc lớp,1
thâm độc,0
moa sát bên v lấy,0
hứa sơn ghép thành ộp pa nhá,0
đúng nè mọi,0
cày thách đấu k,0
bọn tàu chó má,1
rank mặc rầu kda rank ta cày kiểu,0
rác,1
đem bắn thể loại,1
vật . thg con mẹ hấp hối thoi thoi mày đâu r xúc vật . đéo lo chôn cha mẹ m cắn bậy thg tiểu nhân viruss chó,1
hốt lũ chó,1
"dume . đầu óc đ gói trà túi lọc , tinh túy thoát hết , cặn bã",1
nổ chó,1
m tìm chữ t nịnh t bênh hộ t . đừng mở mồm chê ng ok m nhìn m xem r hãy phán xét,0
sai,0
ko đòi ăn ăn cứt đb mấy thk l gặp t vài bộp khỏi ăn cơm,1
"chịu làm tình chủ , chơi khăm , làm tình chủ thích . phát chỗ bán , hai tình thật tốt tìm xe , mua xế",0
đm chúng mày,1
hallen nguyen nóng c,0
thanh niên xp độ mixi,0
"khổ vi phạm xử xử qua loa , vi phạm quy phạm moi tiền",0
thằng đầu bò,1
bt thằng ăn trộm ko bt,1
minh toàn,0
má ăn mặc đeo giống,1
"chao minh hieu , hom nay thay minh hieu dep gai ha",0
nhây thua đăng,0
dần chớm tình yêu nước r đấy,0
vcl mấy thằng streamer gọi fan . đúng viewer . hài vcl,1
bắt dc bọn chặt tay khỏi xét sử j,1
thổi kèn đám ma nhóc,1
16 k like nghỉ strem,0
"quay phim lấy xe bắt chó bắt , chờ",0
khổ thích thể hiện,0
bò đỏ yêu thương bố tàu hết ghét,1
mả cha mấy thằng ăn bánh mì,1
giải quyết 5 triệu hợp lí,0
fuck you mother mẹ mày,1
"im mẹ mồm , đm chúng mày thay mẹ hết đồ người ta",1
tính nc tiên tiến lấy đâu tiền dịnh cư mỹ,0
chỗ hợp lý . ngta live nch phiến . mấy đóm stupid sủa chẳng,1
"pháp luật việt nam đủ mạnh nghiêm minh . bắt kẻ ăn cắp xe trộm , chặt hai tay chúng . tham ô 1 tỷ xử án tử . dân yên vui .",1
"cơ bản trận thằng tf đánh ngu feed 1 15 1 17 chửi team . mực tính trẩu , xong game kết bạn thằng tf xong mời tổ đội chửi mồm . drama xong",1
mối thơm,0
dell hiểu kiểu j,1
trông mặt mũi lòng dạ ác độc !,1
khóc mức đít gắng bóng đèn ô tô lun,1
"thích chào trọng tài , chào chào dm",1
nguyễn đức bố,0
tập cặn bã,1
chậm l nhanh chậm kệ mẹ ngta cmt lắm ăn l àaaaaaaa,1
z bait rõ công nhận 2 khứa zui thiệt z,0
đọc page thư giãn,0
chả tí máu lồn gọi văn hóa,1
đặng công vinh loại mày cặc tiền mua loại xin,1
khanh truong tuổi r . cháu tưởng suy nghĩ trưởng thành . idol rách hiểu đáng tuổi mẹ ntn,1
ditme đéo hiểu,1
2 game thua cay é é é cay lỏk kkkk,1
kêu tồ kéo bú win .,0
"chơi một mình , đổ lỗi trọng tài",0
ae thất lạc abe ak,0
ảnh bên trái a độ phẫu thuật thẩm mĩ,0
jack ít tiếng lên tiếng jaxk chứng tỏ ko câm,0
ban loi 1 nam moi mua duoc 1 chiec xe d ma xa hoi thui nat toi nguoi dan luong thien,1
lấc cấc gặp bố đánh mặt đấy chó,1
kon mẹ nhà nước lũ hút máu dân,1
nè ông già liêm sỉ hảy chức,1
phong cách chịch dở,1
mồ tổ cha mày ko tưởng nhớ . mày ko xem tin tức ak,1
thực tập sinh dạy cấp 1,0
lm xong r h xin lỗy xonghả,0
mõm chúa,1
uy tín,0
mồm loz adm ns ngu bm .,1
"đụ má tao ghét ghét đắng mấy thằng dư luận viên vcc , tụi bây ăn lồn què bợ đít vcc , bợ đít tụi ông bà già tụi bây tự hào lắm",1
phục lồn mẹ chúng mày,1
địt mẹ thg fake,1
lỗi cặc,1
chụp ảnh cưới mộc châu siêu xịnnnn,0
nửa cu im như thóc,0
má ác ... ăn mấy đồng bạc phúc đức lắm,1
rác 5 củ fan rác bãi cức chó,1
mẹ mày hưởi quần xì ômô lộn ômôi kkk cười ỉa,1
giày fake giày real giày mang chân đạp đất hên xui đạp cứt đâu phân biệt k tiền mua nổi đôi dép k tỏ thượng đẳng phân biệt fake real,1
"thổi nồng độ cồn , thu xe bảo vệ tài sản dân giống nòi",0
"ad óc cứt vkl . ngu tỏ nguy hiểm , gặm xương ad .",1
xin video vs,0
bọn thất đức,1
"ôi dòi ad não phẳng phản động k bênh , dùng vài ảnh , sử dụng pts chèn chữ , thật lạc hậu , ad tg nhà quê .",1
why lồn 2 thẻ đỏ 1 pen m why suy lồn địt chó chết,1
ri thor,0
khổ thân,0
cực kì mộ dung phục,0
fan cứng điểm danh,0
thanh niên mạnh khỏe ko . ăn cướp ăn trộm thế này .,1
suc vât .. ghet nhât cai thu hai ng .,1
xưa nay voz chất cua rơ ui 3,0
tai danh hài ?,0
i love you,0
chịu đit mẹ mày ah ? cút mẹ mày nước giùm trâu sề,1
"nguyễn thu ngọc cá hâm mộ cuồng jack nhận thức ngang mấy bé khăn quàng đỏ suy nghĩ nông nổi , giờ u60 hâm mộ jack t khinh",0
"khốn nạn , chúng dàn cảnh 2 đứa đường , đứa kia thời cơ trộm xe gái mất cảnh giác ,",1
màu nam kì chúng m,1
thanh niên phân biệt vùng miền bàn phím vãi lồng . giỏi thì ra hà nội kêu bắc kỳ đường sài gòn kêu nam kỳ xem . coi thử răng hàm mặt chỉnh hình . đkm lũ phân biệt vùng miền . đkm lũ phản động .,1
lon,1
lương 7 8 tr chẳng đủ ăn cơm đâu . ăn tôm hùm sâu răng,0
"lũ miền bắc máu lạnh ,",1
câm mẹ mồm,1
nhắn thêm chữ địt chị mày chất vlon a êiiiii,1
tui đúng làn lắm,0
"nguyễn tuấn hiệp , nhạc nhẽo đéo nghe nổi hết 1 phút",1
mẹ đâu,1
bã mướng bóng già chửi chị minh hiếu,1
nguyen cuong,0
nguyễn thị thịnh xem chuẩn nè,0
"đụ má , ức chế .",1
page mày h xàm loz .... riết toàn ngta zô chửi mắng mẹ mày ko ad,1
clm,1
dung lam tt nua,0
chó cay lắm k thg con mẹ hấp hối thoi thoi mày đâu r xúc vật . đéo lo chôn cha mẹ m cắn bậy thg tiểu nhân viruss chó,1
bắc bắn tiệt,1
má ảnh boost rank bạch kim ảnh tưởng ảnh,0
phát ngôn l,1
"lena stella kiếp trc sống lỗi , kiếp ..",0
xem cười đau bụng,0
"hiệp đinh thứ tay nhanh não tư cách , , hạ cấp đâu , m nghĩ mày , bệnh",1
"nhung nhung , mày báo đời nhung ...",1
hát j jui giới thiệu đc ko . lâu jui chẳng nghe hát,0
sống môi trường cướp giật trộm cắp khắp .,1
xăng đg đc nhà nước trợ giá rẻ j,0
minh ân chu đmm,1
bắt đc đánh bảo thương,0
my fucking mom,1
"xã hội phát triển đạo đức con người suy đồi . thật sự ít thành phần nghĩ mẹ thiên hạ , sống hống hách coi , giết nhẹ giết 1 kiến . mong pháp lu xem thêm",1
tội mẹ trai,1
mày 1 bọ gậy xô nước tù mãi chui đúng trâu dê,1
quyền bảo thua 20 m vui vẻ bình thường mực solo thua 100 k lải nhải suốt,1
ác,1
chiêu hữu dụng,0
xe chở súc vật mong dân hãy tránh xa đề phòng súc vật phóng uế lung tung mất vệ sinh .,1
gái thầy,0
nguyễn kiều nam trẩu .,1
phạt nặng . bắn . xem chừng âm mưu !,1
lê hải long chó vật nuôi lợn gà bò dê dc nuôi ăn ok ? ngu tỏ nguy hiểm,1
"sinh sôi nảy nở lũ cướp giật mản cảnh giác đề phòng loại .. ngồi khư khư xe , mua , đường , lăng nhăng , lũ",1
ủng hộ . mấy cào phím kêu ng ta mãi lộ 10 9 sai lè lè . đưa tiền ng ta k gào làm khó k tạo đk ng ta tạo đk xe đi lại kêu ng ta hối lộ,0
cln lồn xàm lồn,1
lũ bắn bỏ,1
cố gắng hai trận gặp indo kìa,0
xin vĩnh biệt cụ,0
chửi đỷ nghe tai,1
địt mẹ thiên đường ad,1
cmm cút đi nghe,1
nhân dân nhớ muôn đời lũ súc sinh nghiệt súc mày,1
xin thẻ đỏ,0
nguyễn trọng hiệp mượn bmw 760 li ko,0
"xe tắng thiết giáp đáp lồn má mấy thằng , cmt ngu vl",1
công an truy quét mấy loại . chặn đầu xe dân lành kiếm ăn ji . riết csgt đông điều khiển xe máy,0
đúng đạo nhạc thật kiện bồi thường tù đấy,0
đỉ minh hiếu đỉ khùng dơ súc vật sánh nghe rác rửi khùng bẩm sinh quái vật,1
đập chết cmn,1
tài lê tấc nhiêng mưu sự nhân thành sự thiên,0
ad ngu fải,1
nha . sao ko . sống đạo đức,0
lồn con mẹ m m ngu chó chu si ê cc m đéo thầy đáng kính park hang seo việt nam dm loại mặt lồn m đc dbcc loại m gặp tao cút đừng quay,1
ngon kiếm giàu cướp,1
zinloi cc,1
cực kì thuyết phục !,0
màu rằn ri ko b,0
thằng idol m viết tus giọng cay cú chả nói chuyện tử tế ngta đúng sai tnao căng rõ,1
trang lồn trâu chả đéo việt tân . fan địt . toàn gây thù chuốc oán . thằng cmt vs suy nghĩ lệch lạc chẳng lồn lũ bán nước .,1
lộng hành,0
mầy tiền ! lm trọng tài kiểu hả,0
môt nhóm !,0
đừng dí đg ngủ coi chừng đt rung bật khóc kinh lắm,0
chiện đáng,0
mieng linh loc ik nhu lon trau,1
t m ví dụ kìa nhảy đâu v,0
đánh trụ me k bao h check map ngựa ngựa trêu ggez,1
lấy giàu chấp nhận dc người ta ngeo k tha tụi sớm muộn nằm đườg vô tu,0
diễn,0
hỏng trận đấu xong xin lỗi,0
luc óc chó ăn lắm cứt,1
sorry fuckk,1
liên đoàn bóng đá việt nam suy nghĩ . sa thải troussie out,0
tuần 16 team hơi căng nha hard,0
"lối đá rời rạc vô hồn , hlv kém , nghĩ ngài biến",1
dương tiến đạt con người vs con người phân biệt vùng miền . thương chó .,1
chuyến thù đờn lém nè,0
,0
arap referre is dick,1
ko bt ngượng,0
"nhà sư . , lang thang trung tâm bt loại quỷ đội lốt cơ hội ấu dâm",1
hết trời ...,0
bắt mấy thằng chó băm chả giò,1
tác giả thằng niễng thằng cố vấn .,1
"hung nguyen , cờ vàng cứt chóa",1
má đau tim vl,1
thua cut khỏi vn thằng toi,1
ad . ad bạy . đa phần đăng ký free bản thân e ko đóng tiền mạng 9,0
giờ xin lỗi muộn r sang việt nam xử bắn,1
quý aff luật cầu thủ dc bắt chụp banh vòng cấm thủ môn bắt bên vạch . bịp,0
"ngu vl . thua xong chửi blame đồng đội feed tận 17 mạng kêu gánh , oánh trái lane éo ngu",1
zeros đánh pha,0
chan trom cap tran la n,1
phượng nguyễn đừng zị .,0
sáng mắt j97 entertainment,0
dả man gđ côn đồ mong pl xử nghiêm hành vi bạo lực lấy công đạo,1
vcl trông cac . fb trai alime lỏ đúng mấy th ranh cấp 3 . trông cac fan mực dốt,1
trọng tài quốc tế tầm nhìn thấp kém .,1
lộc cao lãnh,0
đóm tật,1
"xe vi phạm ts dân . giữ xe hình phạt , kể giữ thu phí mọi hư hao , mất mát ... bồi thường luật dân sự . trường hợp hầu như bồi thường ít , hầu như .",0
"trắng biến thành đen , biến thành ko , ko biến thành trắng biến thành xanh nhỏ",1
"ngu , đọc hiểu",1
"nghèo khổ giúp người ta k đào mồ cuốc mả hộ ? ác nghiệp , khẩu nghiệp mày",1
rên ác,0
e hông hiệu e hông hiệu .,0
sợ thứ óc chó ngu hết phần chó,1
nam kì rẻ rách,1
hợp sâm clm v ff,1
idol m viết cmt cay cú viết viruss kia kìa . xem cách viết văn củ chuối idol m xem hành xử hợp lí k,0
"ghê , chảnh chọe",1
nge,0
ăn cúng,0
chinh la no,0
"rách bao , giờ đạo nhạc",1
dat nguyen đôi k hết,0
chơi game đ1t tai,1
điếu thuốc lào nâng sĩ diện,0
mcvmedia may dung co sanh lisa tui di,1
đẹp ngu fan jack bỏ cmm,1
sbtc levi,0
cẩn thận gạ đ haizz,1
đúng r .. rách hiền . thương rách ăn cháo nuốt bát,1
"live rách m t treo chửi đâu delay time , m 4 p che map t xem dc mày đánh rank bk trình đéo , team gánh đầu cuối tự hào",1
"tu miệng , miệng mở thúi ống cống",1
nguyễn quang minh d . c . m,1
thằng đần thiểu năng ae,1
alo chs điếm z duma,1
làm việc nhà nước dúi tiền tay hả . đất nước csgt đúng ng ta hối lộ sai nhe . giờ hok lẽ dúi tiền tay kêu phản động chống phá phản quốc,0
mày mắt ko thằng mù kia,1
vô cùng thuyết phục,0
giỏi sang hẳn nch . 1 lũ ngu sáng đít,1
ditme mặt thầy thần thái vãi l n,1
bố thằng ranh 2 k tao 2 k giống nhỏ . khéo kêu tao . lệch lệch tao vả cắm đầu cứt,1
tao tao fan m hài vl mở miệng nguu tao binh nhỏ cmt tao bênh m gắn não cmt,1
bat may than nay kg lo lo bat xe kg,0
kiim synk s đú trend nè,0
ô k cmt mấy đoạn đầu k hả ô ?,0
"30 tuổi suy nghĩ đần dúc nách mẹ , lò m",1
phá kẻ ae,0
xin lỗi tụi bay chết kệ tụi bây tụi tao kiểm tra cục cức đâu tao thứ,1
diện trần óc chóa thật .,1
th đần,1
rên t đứng ngồi yên,0
đất nước ngày một thối nát,1
rửa tay yên,0
đời má thật,0
thằng mực bao m nịnh dái bênh đủ hiểu hạng m,1
dân vũ hán nhớ mãi tên,0
mắt mù đcm,1
tao gặp mày tao kêu ae tao đập mặt ngu mầy thằng trọng tài,1
"tunal tuấn ruồi phát sáng đít thoi , đầu đâu khuyên",1
mọi sự chủ quan trả giá hết,0
xin vid,0
tạo hóa tạo 1 thằng m . cá nhân m mất hết mặt cộng đồng đập đớ r,1
minh đú ít chậm cặc,1
"bọn lũ cướp , thằng cướp xong đền",1
mày đủ tuổi ko thằng lol sủa ngu,1
dân bầu sai lãnh đạo lãnh đạo sai ?,1
mấy bắt dc chặt tay,1
"cố , bỏ bỏ qua chiện .",0
làm việc luật pháp đéo đăng đâu ngon văn bản chứng gửi hai bên cơ quan giải quyết dm lũ ruồi phát sáng đít học duma viết cta sai,1
trách nhiệm đâu òi,0
"dm ... thèng assmin ... ngu méo chịu ... mày tập trận chung qdndvn dễ lắm ... mày 4 thằng mĩ , úc , nhật , phi coi tụi tiếng việt tập chung ...",1
"bọn vô loài dám j , xe vô tụi coi rác đô j ngon luộc , bọn cướp cạn",1
tàm tạm,0
"fuck , đụ mẹ m hối lộ àk lol trọng tài",1
"lẽ thường , đương nhiên bồi thường . ta , csgt làm việc lẽ .",0
m game đầu chơi jax game chơi kayn đúng k cu ?,0
cánh cụt kìa .,0
giờ 2020 kêu 2022 vn 572 lê quang định . 5 p45s . lão cỗ máy doremon ak,0
loại bắt tù xong ngựa quen đường cũ,1
"trình ko kinh , bợ đít vô lí",1
hiểu,0
loằng ngoằng éo thích loằng ngoằng . lạ vl,1
chiến sỹ chịu,0
tao binh đúng sai sống nhìn nhận sai chửi đừng kiểu đánh đồng thích tự nhiên đéo chửi ngta xong cmt,0
"lộc đánh lắm , chấp tận 1 tay",0
"mấy thằng zốt v , chúng nó đông vs nguy hiểm vcl zốt xử lí lỗi , óc , hú hét 1 thằng điên kêu content , đ câu biện minh , thiểu năng vcl",1
"ko xứng đáng 1 trận tài , mắt não đít",1
xin lỗi 2 tỷ thái ăn đủ,1
tiếng hét thất thanh đêm,0
đàng con trai zì nhục ! . ngạc nhiên lấy chồng nước ngoài,1
đm thằng ngu,1
concac,1
kiếm linh đỏ sẫm đánh chết mẹ um ho,1
"đm ko xúc phạm mấy phát ngôn đéo j , não mấy tiền ah , mấy giúp dân nhìu wá , đúng",1
"thằng giòi bọ thận nguyễn . mày xạo lừa đảo mọi mày cầu tiêu công cộng chỗ mày tạp vụ , mày ăn hết cứt hầm cầu đúng loại giòi bọ sống chật đất",1
hhhh văn trẻ trâu hôm bữa gặp tk y chang t tìm fb mẹ mét chưởi sml,1
dm trọng tài dm trọng tài dm trọng tài dm trọng tài,1
địt mẹ mày bắt,1
mẹ bố mấy thằng chó,1
vietnam cánh bứm,0
mù đừng trọng tài,1
minh chí hahaha ta,0
1,0
hà phạm,0
xem dc xem toxic,0
linh chứng tật . bản chất .,1
rac nhu toan may thang cac 1 champ,1
rách win nồn,1
tên huấn luyện viên . ngu ngốc . ý tưởng đặc sắc dẫn dắt đội tuyển quốc gia việt nam . nghỉ năng lực kế nhiệm . ngồi ghế huấn luyện viên đội tuyển quốc gia việt nam . liên tiếp t xem thêm,1
nghe thuyết phúc lắm hợp lý,0
"bắn thằng đeo lon j đăng lung tung , khóa mõm",1
dậy múo,0
chết đỉ mẹ thầy long cua,1
"đóng phạt đóng tiền bãi , người ta sai trả giá hình thức phạt , mấy giữ bảo vệ tài sản người ta",0
xin lỗi cặc xin xong đồ tồi đồ tồi dẹp trọng tài chăn vịt tao nhờ,1
bắt đầu mấy cờ hó tung tin tào lao đập phát,1
"cút nước , đòi trận cuối cùng ăn cứt",1
câm cút,1
tiền kiếm đời . mạng 1 . hãy tự !,0
trọng tài lồn mẹ mày bất công đéo chịu,1
nguyễn quang minh trê sủa . t đá cuống họng khôn,1
one a dog,1
cút,1
đăng stt chửi vs rep cmt đúng khum,0
nguyen manh vinh cút c,1
ig,0
phục vụ giải trí sư đoàn . đại đội nhỏ a ưi,0
"dịp mẹ tui bây lũ phản động hại dân , hại nước . trò củ đêm diễn hoài , hết trò hả . dân sống yên , nước hại .",1
dat gill xô đâu,0
"chửi đồng đội , feed lòi cuc bợ đít đc nghĩ vc tính hợp",1
trọng tài chó chết,1
mẹ mày . họp đấy bọn ngu,1
bảo đb . tháo hết phụ tùng thay cũ,1
you have eyes ? you should need var .. óc chó,1
fuck you !,1
khóc đcmm,1
bú win up 1 chó dốt,1
", cày thuê rank vàng đánh ngu sai lane . đúng lane ngu . cày thuê hơi dảk",1
giống loài súc vật chó đạt giống loài súc vật mất dạy vô văn hóa nghiệp súc,1
đéo bắt đc cút,1
nghe thuyết phục thuyết phục,0
cơ quan chức năng báo cáo cơ quan điều tra trích xuất camera bắt đc ko mọi,0
bắc kỳ,1
ngta ngta chua kêu tên mày thứ nhỏ mất dạy tao gạt lgbt dễ thương mua ủng hộ live tao coi may đm mua ve xịt 3 phút đéo nghe mùi j thu làm ăn gian dối ko tồn tại dc lâu đâu nhỏ hon ngta hổn láo,1
mấy stt ko chó dlv ẳng ?,1
yêu trần dần,0
quần ma nhìn mất nết,1
bô bô mõm tốp mạnh lm camp chết m ns top phế lật đc,1
khon nan thật,1
loại mày trời đánh mày,1
. quy . nãy . . miệng . . thúi . . đồ . . bán .,1
hai thằng mặt ng thú tụi mày sẻ quả báo .,1
thua,0
"xl đm đánh chán xg xl , hảo",1
thg thầy cút nước,1
mồm ác,1
địt cụ m thành lê,1
xin xin vĩnh biệt cụ,0
tuấn ban dừa,0
mày bố láo băn mày,1
fake ít,0
uong nuoc cam dii bac,0
3 chục tuổi gặp t đái máu,1
nghỉ hè,0
thương k thương thương thk sv thua,1
bọn bắt chặt tay chân thả công an xử lý,1
sống chậm,0
a ăn cháo tay nấu .. ko thèm ăn xôi bán xôi,0
lũ pede xạo xự . hơm chúng tâng lên mây . nay chúng siủa cắn chó 7 . hahaaaaaaa,1
ngu chửi,1
.,0
bắt trận đấu hãy nhìn mắt nhân phẩm vs tạo nghiệp vị quật,0
ngu phong bì cấp quyền loạn ngôn ..,1
bơ vơ tuyệt vọng,0
luật pháp quần què bảo vệ thằng não đạo đức nhân cách đứa 16 tuổi khinh thường pháp luật thằng lê văn luyện 3 mạng đổi lấy 18 tù .,0
chị hiếu hôm nay đẹp nói chuyện cười duyên gê,0
nguyen manh vinh ms nick thật,0
đứng dẩy thành ca sĩ đc . đợt a bảnh đội giờ ca sĩ nổi tiếng đéo tù nhờ,1
hợp lý đ tk đạo đức giả,1
nýn,0
mãi fan trung thành jack ... sparrow,0
2 chữ khiêm tốn,0
chả fan cứng,0
đúng bọn cạn bã xã hội ngày nay,1
vừa lòng tao,0
"lỗi đĩ mẹ mày , cút mẹ mày",1
toàn quảng cáo . đọc 1 dòng trăm quảng cáo,0
địa chỉ đấy . tận gõ cửa,0
xin gỉ,0
non nguoi hue ... kg phai bac ky,0
"jack lỏ múa mép , ngta ns đúng công nghệ var xem thử đúng pik liền , hay là chơi xong r bỏ , rẻ rack",1
"núi ta mở , ta trồng , , mau đem tiền cống nộp",0
im mồm micky . sủa t dính lỗ đít m bgio,1
trần phong dựa cà khịa khắc việt ok,0
your mother fucker,1
âm thầm đọc cmt,0
"huy trần k lẽ cày view thằng lùn bỏ , bắt cá , ăn cháo đá bát , lừa thầy phản bạn , ngủ fan , đâm ân nhân , đạo nhạc ... u nghệ sĩ kể phốt kể quài hết hahaaaaaa",1
mẹ mày thằng chó đéo đáng bố . mẹ mày,1
ngu thua chứ sao cay,1
cực kì thuyết phục,0
fifa trọng tài thế giới cười mặt .,0
why địt mẹ mày,1
dậy thành công,0
nick fake,0
tụi bắt dính đánh 1 trận r đưa công an ... toàn lưng dài vai rộng .. đm mấy thằng chó,1
sáng mắt nhung,1
cày thuê kiểu chơi game đợi gánh,0
nhậu đm chúng mày lũ chó hại dân hại nước,1
"chúc 2 k1 ngày mai bình tĩnh , tự tin , thi thật tốt .",0
khóa cmnr,0
ám ảnh trousier indonesia kết quả quatar . sa thải thua indo,0
kiếm fame condilon acc pha quế đòi lừa d,1
đm admin ngu vcl chăcs tưởng vs nguy hiểm lắm đấy,1
thằng thực dân . cút,1
nhìn phản cảm vl,1
vl,1
mỹ hạnh hạnh 1 hoa dại,0
"jack căng , chi tiết",0
thoi buoi nay.chung no lua duoc cai gi la no lua ah,0
hlv the voice mùa,0
". vậy chờ giấy mời tòa án giấy triệu tập an ninh mạng , sở văn hóa đồ gặp đúng",0
"tuổi nghĩ nông nổi sau này hối hận . bố anh trai dù xử lí đúng , xót thương mẹ thật sự",0
mày ăn,0
"khanh truong tưởng mấy cháu tẩy não , ngờ phụ huynh tẩy não",0
ít đăng tuần giờ mất cứng dồiii,0
"đọc hết cmt t , k ngu tiếng việt mắt vấn đề",1
im mẹ mồm,1
chị chị sỉu,0
dân nghèo vi phạm luật giao thông bắt gọi n g u . than vãn l . t xe bao nay 1 bắt . lỗi đâu,1
đánh ngu đòi sang hàn gáy top 1 thách đấu,0
"huy trần rách hả , đưa m10 vô mv xong hợp tác , mặt dày nhục ta",1
"jack ngân đù , lêu lêu bọn jack gà lz",1
"đừng lôi mẹ người ta , tao địt miệng mày vũ long bảo cấm lôi fụ huynh nha",1
bố to con phách,1
chậm ...,0
nguyễn quang huy chạy,0
"kiểu nầy chìa khóa lấy dể dàng , khóa cổ thi chúng dám gan đâu",0
cướp nhạc mở miệng kém thông minh,1
trung trộm vé số,0
bùi minh huệ crush ưii . thích,0
giọng sài máy run k nổi,0
trung lập góp ý chăm học tiếng chút phản biện ngta tôn trọng,0
minh nhật chuẩn cmnr . jack tuổi j dislike haha . k atm ca sĩ duy nhất thế giới k hát,1
mày nghĩ mẹ trọng tài phạt đéo đc xin lỗi mong mày nghỉ mẹ,1
biến . troussier chức,1
ác,0
tài khoản gốc trọng tài đâu,0
xin cụ lân,0
vn ăn mau lol .,1
hồ văn kiệt khoảnh khắc kì diệu video ko ?,0
nam ty co khac,0
già . yếu nghỉ . đừng cố . hãy dành một chút danh dự hậu thế .,0
"đợt nước m chạy , coi m chạy đâu",1
nghiệp lãnh hết,1
ba má đụ chi uổng công uổng nghệ uổng nghễ quần quân uổng công tuột quần tèo tuột banh loz đau loz đẻ chơi trò md ghê . iu minh hiếu,1
mai tao xin dân quân xong t tìm mày giết mày ad đồ phản động v dlv dạo hoạt động ghê lm,1
phú bait thơm mấy thanh niên cắn nhầm r,1
"dương đông kích tây , to khỏe lấy ăn",0
lão già chó,1
hahaaa,0
tran dan tien bo.moi gia nhap dcs .,0
sống rau dền,1
vãi ...,1
k vấn đề . luật pháp đúng ng đúng tội dân ko ghét thằng công an . thay vì a công an .... ko fai xấu tốt đếm đầu ngón tay,0
qc cl đm yến nguyễn,1
chức mọe,1
bon trôm cươp nay phai xư năng phat chung no sơ thi,0
rút kẹc . rút rút quài,1
hoàng xuân tâm sơn tùng nè,0
vcl tự ngu xấu bớt mõm nghe đần độn th jack m chui xó khóc r đấy,1
nín chó đưa địa chỉ zả địt con mẹ m thứ khuyết tật ơiiii m ngon m mở block ních kia t coi khuyết tật ơiiiii,1
diện trần r mà còn ngu rảnh lòn ghê,1
má t kêu trần đức bo đụ banh cạc mày giờ,1
đ bt cx đòi kiện hài,1
ng ta gọi la xây đường định hướng xa hội chủ nghĩa,0
tứ hoàng,0
xin lỗi cặc . dmm,1
công dạy dỗ bán xôi bài học,0
xạo lol hk j vui chúg ta hk xạo lol,1
"chừng vô địch . chức , thưa ngài",0
k trêu nhá bé ngủ mai canh page dắk kì cục,0
k icm,0
sờ bố cố m ad,1
lũ bắt đem bỏ đảo hoang,1
chó hửi hửi tưởng chó cắn,0
xin lỗi muộn,0
khốn nạn,1
cướp tao ido toàn cướp nghèo,1
"mày núi tu , bắt loz",1
i hate you,1
ưỡn ưỡn ẹo,1
vcl,1
mạnh hùng siêu dự bị cánh trái,0
dct smurf rank nhìn lỏ cc,1
ko . view danh tiếng . chờ sản phẩm .,0
quen hacker ko,0
ad bt hà nội k v,0
dot nát,1
"mẹ . hởi thằng tự tử , công an bắt tự giận thằng ad tít ca đánh ca chết ..... đúng thằng ad bệnh quạn",1
"cầu mong e trai kì tích mau chóng bình phục , hy vọng pháp luật phán xử hành vi tàn ác thật công bằng an ủi phần nào e mẹ e",0
long rồng hlv philippe trôisông,0
xử lý lỗi conten,0
chạy thầy đòn vô chân,0
viết tus cay cú câu diễn đạt lủng củng giải quyết,0
đụ mẹ mấy thằng cộng sản bắt bọn trung quốc sản xuất đá mang thiêu hủy chia đập lấy ngáo phát biểu linh tinh,1
bọn tìm hiểu qh theo dõi rảnh vcl,1
địt mẹ thắm,1
game vị trí sp tranh lane top đồng ý đổi pick pyke top temo feed lòi lozz,1
duma quán cf lướt face kêu t m coi,0
bên đà nẵng văn minh,0
kì diệu phòng giam 7,0
di linh ca loc di,1
thg fake,1
vui vẻ quạo,0
diêm vương gọi m kìa thằng ngu,1
con mẹ hấp hối thoi thóp tiểu nhân mày đâu r xúc vật . đéo lo chôn cha mẹ m cắn bậy thg tiểu nhân viruss chó,1
nói chuyện lạ xấn xá gần nguy hiểm lắm,0
văn minh m,0
toàn lấy fb ảo vảo địt mẹ tự sướng ngồi đbo thằng đần độn cầy thue 1 tuần thoát khỏi rank bk,1
"chuẩn , nhìn mặt kiểu nhỏ mọn lươn lẹo tính toán . cụ cấm sai",1
hợp lý củ c,1
acc bán hàng online,0
"đu me giau tham lam bi găt la đung rôi , đu me mây luc đâu nghe lơi no chưi hêt ngưoi nay đên ngưoi kia , ham tiên bi lưa gat rôi chưi ba vang ngoc",1
harry long chọc đom đóm,0
"câu chuyện nước ngoài ,",0
tình yêu vĩnh cửu,0
nhìn chị đẹp,0
thật khốn nạn,1
sai đâu nhảy dựng,0
mày coi chừng chồng mày đại bắc may đừng tưởng ko tiềm mày đc nha . khỏi thách thức,1
mấy thần khốn nạn người ta bán xôi ko tha,1
nhok lầy địt mẹ mày share . nhai nhai bò . tao khinh,1
chơi game nói chuyện lịch sự,0
trông ngu l cơ chứ,1
hhhh tk nguuu mỗm to,1
chuyến căng r đóa,0
bố thẻ đỏ,0
thang quan ngồi cười đằng ghét . tổ cha .,1
ngu quá bán accc hộ t,1
cat bu chan,1
hông lời xin lỗi giả tạo đâu nước chấp nhất mấy thằng mù,1
địt cụ bọn k zề bàn,1
m xác định r chó,1
xin lổi cc j hả thằng lồn trọng tài quê m trọng tài mấy đứa nhỏ đá,1
ko xin h,0
cực kì thuyết phục oki,0
thoại cc nhá thầy,1
bên phía gia đình bé kia bớt tội chứ sao đâu . chi chở quấn tôn ko to ko quấn đc ko nỗi . khổ chở thuê haizz,0
hk nz,1
người ta lấy khổ,0
cút,1
"thằng thủ môn thái lan 16 m50 chụp bóng tay , đẩy văn toàn đ phạt thẻ đỏ , chuyển phạt thẻ vàng văn thanh . khả năng thằng trọng bán độ thái lan .",1
dumemay ngu,1
tao học ít học trả lời hợp lý não mày bỏ 10 mấy học 0,1
đĩ mẹ !,1
đm mặc sịp chim to vcl,1
xin lỗi lộn m,1
"tàu hũ in tiền sang vn gom đất , , vàng mua chuộc chó đầy tớ",1
đánh ngu chó bày đặt,1
le dinh khoa 1955,0
bút dùng mực pass ae . giá yêu thương 5 k,0
xứng đáng trọng tàiiii,1
"vi phạm , bắt , chiến sỹ công ăn lương , vụ tai nạn thảm khóc , tuân thủ luật giao thông .",0
chửi lắm thằng lol nhìn mặt đeo ưa r thêm tính trẻ trâu,1
giờ sorry k giải quyết đc vấn đề đâu . muộn,0
"ăn hôi khắp mọi mặt trận , giống thánh ăn hôi nguyễn lân trung",1
dấu hiệu nhận biết giàu,0
nam mô a di đà phật nhân quả xẽ sớm,0
sory mã m,1
tl cứng họng hả,0
dcm chs game dell rên ghê,1
gửi chính quyền gửi trại giam miền nam hộ t,0
ít ra chúc mừng hồng kong . chắc hưởng dân chủ thêm chục .,0
,0
lê văn xem gầy,0
đánh 7 9 5 11 gáy cl,0
nghĩ mắt gáy,0
xem vĩnh biệt cụ ....,0
bình dương thể loại lắm,0
", ăn mẹ di",1
thương .. thương nek,0
ả duconme,1
hai anh em,0
tuyển hlv đtqg k xem tiểu sử lý lịch hlv nta phá nát đội bóng 1 kịch bản ntn !,0
kêu gọi khán giả ko sân tẩy chay vff sa thải hlv troussier,1
việt nam trc thời đại,0
xin lỗi mẹ mày trọng tài,1
sad,0
bố th rách lấy phối viruss xong xào nấu bảo,1
1 single mom,0
"giờ thiện chí chủ động liên hệ năn nỉ xin lỗi , đút tiền virus im dùm vc . tội nghiệp thằng cu jack , dắt đc mấy bò tiểu học tự ái đàn anh mày giờ ngu dại phóng lao xem thêm",1
nhờ tư tưởng thiên đường .,0
pass chuột dài hà đông sang minh khai,0
đầu buồi thằng tài,1
mất nửa nồi xôi,0
hiện cmt hiện tao xem lại m ý kiến phản biện chả câu trả lời m hợp lý,0
anhhhh,0
đông ca địt cụ m ngủ,1
"nể vợ chồng anh chị giáo dục tùng sói tốt . tuổi tự ăn , mạnh dạn , chọc đùa , nhận biết thứ giải bố mẹ tặng anh chị siêu to khổng lồ",0
"cánh cụt , may",0
mẹ mày mắt mù,1
chị 3 hả,0
lũ đóm chả xem góc nhìn viruss phán đr,1
đóm nhí táp,1
ưiiii i,0
cà khịa sơn,0
troi ui ba bede nay chich hoc mon nhieu wa nen bi khung va no banh xac ... hah hah,1
"xl cc , thg chó",1
kata rank thách đấu dual bất lực gánh nổi dct trái lane smurf rank vàng ko ?,0
không phận đcmm thg ad ngu chó,1
giống mấy thằng biến thái tụt quần show hàng lung tung xóm,1
bồi thg bố m,1
inbox mấy tin nhắn éo thèm rep,0
bố m chịu cách ăn mac !,1
cđmm thk loz,1
loài thú sống nghĩa tui may,1
tù toàn quen . vô quen,0
me bon cho.ko lam di trom cua nguoi ta . vao tu het.bo doi ln,1
rách hiền qá nta bầu r chối hẳn 5 trẹo đấy,1
"bọn xu nịnh kẻ làm hư cán bộ , kẻ yếu kém chuyên môn .",1
đm ad m óc cức lắm ... đm người ta khổ đéo rãnh đăng ba tào lao m đâu ... m người ta đc đồng xu cắt bạc ... xạo lồn ... mẹ m sinh tay m hay sao m ngu v,1
10 đ văn minh,0
công bằng giờ xin lỗi,0
ngu cay,1
50 bố nhung,0
tộc trộm cắp lừa đảo,1
nguyen xĩuuuuu,0
chất tiền đoán 2017 xe 2018 xe 2019 xe tiền đoán xa chúc 2022,0
"đồng bọn , cần thiết quản lý định danh xe",0
văn hóa hơi tục .. địt ad đưg địt mẹ ad ..,1
gớm bắt bọn ẩu chạy nhanh đâu . bao nhieu thằng chạy vèo vượt csgt dc đứng bắt lỗi,0
mong ng yêu bd hãy đồng thanh gọi thằng troussir thằng chó lũ lãnh đạo vff lũ ngu dần cút đi,1
may ma ve vn . la cai mo may k cai rang an chao voi cdm,1
hlv đầu đất .,1
chị sắm tóc,0
cài tóc đánh hăng,0
ước mơ học bao học sinh tan biến,0
hợp lí,0
thằng hlv tồi ko trình dạy người ta đá bóng,1
idol chi mấy beat,0
may ko xung,1
"giờ tầm quan trọng học , ngu . tỉnh ngộ , mẹ đâu ngu . đéo hiểu bảo vệ . ruồi sáng đít hết đừng đầu toàn shit bố mẹ buồn",1
mấy chị đẹp,0
dct đánh ngu lợn .,1
tự hổ thẹn nghỉ việc,0
ko bận sịp,0
vũ thị huyền bn v b,0
phat huynh 2 trái dừa,0
cae team off hả abe,0
nguyễn nguyễn lũ thua độ,1
high ego pha đập trụ lb giết niềm tin xứng dáng,0
dô di mây ngon lâm ma,1
luật du tai sản chi vn .,0
việt nam noi đáng sống .,0
nói chung chơi chịu thằng cx ngu hết ko thằng khôn srry đụng chạm cay thằng mồn lực,1
ước fan rách sáng tỏ vụ chối,1
mở mồm nguu thiệt,1
"uầy , hội lúc nào ngông ngóng lũ đu gửi tiền ,",1
giao va a xin 1 tram coi,0
"hiệp đinh v m k đọc , hãy viết đọc kĩ nha thằng óc cứt , mắt rà hết chữ tay nhanh não , mối nguy hiểm xã hội",1
sr cmm,1
adresmic bình định,0
video,0
dcmm cmt viết bố ăn lozz ak cut,1
thằng ngu cút khỏi box r đấy,1
xin lỗi,0
đmm thứ 2 mặt bố m nt zồi kìa zep kìa ?,1
trách ng đặt vị trí ng kh hiểu đúng lòng đáng sợ,0
"bắt đính chính , xin lỗi bồi thường tổn hại nha",0
nhiệt quần què ms đầu cảm rảm chó h khen cc,1
ngoo,0
trom nhju.cong an chẳng đâu .. đoi bê khổ,1
xin lỗi cc,1
đấy it quen thi,0
nguyễn luân cẩn thận dàn cảnh,0
thử chơi giỏi,0
thay vì xàm lol,1
thu ngân b lm lẩu phan v,0
"tụi dàn cảnh cướp xe , bà con cảnh giác thủ đoạn hỏi thăm đường",0
đm chuẩn,0
di ngua nay chac sih o ho boom ha j,1
nguyên tắc bất di bất dịch nhân dân ta tham gia giao thông,0
"tính vr quân tử , đàn ông ha nói chuyện beat điểm yếu ng ta k kia , tung bằng chứng phốt . dù ng ta k học , tỏ thanh cao việc làm toàn ngược lại . học xem thêm",0
"thằng nhận thức thằng bait . vl thêm cụt bait , đần ác",1
hợp tác đứa k vã qué,0
đẹp trời đưa đồn,0
đọc bức xúc thương . cầu xin phép màu . kẻ ác đền tội .,0
xin con mẹ chó,1
dân dân,0
"áp dụng ngồi phương tiện kiểm soát , dừng xe kiểm soát trực tiếp phát hiện thông qua phương tiện , thiết bị kỹ thuật nghiệp vụ phát hiện , ghi nhận hành vi vi phạm pháp luật giao thông đường bộ",0
hàn gọi lá vn lá chà bồn .,1
dan tran vụ cảnh sát điều tra . gio người ta nghèo ban xôi .,0
"cách ly tranh thủ tạo chút scandal câu like , đánh bóng tên tuổi , xuất viện đăng đàn xin lỗi ! sợ thật sự tiệp",1
long tag cmt,0
1 lũ ăn cướp .,1
thèn ngáo,1
thân tàn ma dại . chúc mấy thanh niên sớm ông bà .,1
đừng phân biệt vùng miền anh em,0
xin lỗi căk,1
"địt mẹ mấy thằng phân biệt bắc nam đâu , nam kì boys đâu , ko phân biệt hn sg tiếp ?",1
thằng chó cút mẹ pháp,1
fake,0
mấy thằng xử 2 thằng trộm chó đồng tháp,1
may xạo lồn am binh,1
"thằng ml mày dân việt chúng tao nhục , đcmm cút khỏi việt nam",1
"chủ tịch huyện xe trở về 30 p ... dân dân chịu , , , ,",0
khốn nạn . tội gái,1
xin mẹ m xin,1
gọi trần dần tinh trùng khuyết tật .,1
vũ huyền bọn hàn quốc tiếng việt,0
ngta chửi con gái kh súc vật xong h chửi con gái ta . hông lẻ bạn ..... kkk,0
bê đê dơ,1
coi kìa . cay kkkkk cay lắm . khóc it thoi chó,1
khui coi động tr cỡ ? k đợt bâyh đâu tôm,0
sor ccc,1
cảnh giác chút,0
noi tum lai hai thang ngu,1
thằng súc sinh,1
hlv óc chó lịch sử bdvn,1
ngồi ngta ttkt sau này con cái ko thoát mồm chơi xa đâu,0
lồn mẹ mày dốt dừng live chó ngu,1
"con trai đuổi kịp , cướp đường mong pháp luật manh mối rõ ràng hai thằng đồng bọn cam quay rõ",1
. quy nay . no . khung.nang . no ngao da . het . thuoc . chua .,1
lê nhân trí tín lầy ghê .,0
ngu chó,1
xl lồn .. đụ má,1
chị ba vàng ngọc đinh mọc dái,1
"tiếc ziêng tui ngon cơm , chợ bình thường",0
phạm văn lộc nghỉ ?,0
trẻ trâu đm,1
vn,0
hq k ca nhiễm nhiễm gần hết,0
tl cu cứng họng hả,1
ít nhất t dell sủa mồm m đâu,1
nghe tiếng vàng nhể,0
ca xem ba ko nha,0
mấy tml trc xe giày,1
đẹp trai k abe v,0
mả cha mày súc vật,1
haha . chết mẹ nhung .,1
mả cha m,1
phú phú thả bait táp,0
cú lừa hoàn hảo,0
nguyễn đức khang chửi ban,0
lũ chống tổ quốc nước ? bọn mày mơ ...,1
xin địt mẹ mày,1
trọng tài l n chết mẹ,1
lũ chó chúng m ko cắn bọn t cắn,1
nsnd trần cọp,0
xin lỗi cặt,1
kh côi j,0
"từ thiện , hôm nay đại gia miệng giống hầm cầu , mã mầy chạy xe đâm cột điện nè",1
"quen , giữ khoảng cách . nhìn cách nói chuyện ối giời . bài học .",0
ăn bao h ko nhìn quen quen lê lê thị kiều ngân,0
câm mẹ mày tao mệt thằng dốt tỏa học lắm đéo thèm rep,1
lộc bắn nha yogut,0
"then hlv ngu thoi , ca tran ko 1 cu sut , tien toi wc kkkk , thay nguoi ngu bo me , co hoang duc va ho tan tai hom eo thua , sa thai no di , then hlv ngu ngoc nhat",1
đổi avt trông bẩn vl,1
xin chào anh em,0
vn thi deo no no trung quốc bon dien,1
gần bước sang công ty liên hệ hả mõm khỏi hóng nè,1
thu phí tiền bãi xe cỏ rác lụm tiền nhanh ói tiếng đừng mong,0
ghê tởm bóng già,1
xem coffee khánh nhìn tr,0
"may hs nghỉ học , 1 hs gia đình lây toang .",0
chị ba vàng chị chó phèn ak haha,1
thg đỹ mẹ m tao nắc nè lo mua hòm chôn tao nắc chết thg m r đỹ mẹ m tao ché nắc đẻ mày,1
"mặt tiền l n , mặt l n",1
sorry đb,1
đào hà văn rinaky cn anh chị cẩn thận,0
"chị yên tâm , chị mất trời chị , 3 thằng chó , người nhà , con cái hắn gánh nghiệp , hắn xe hắn cán bẹt não",1
"đm , bực bội tức tối , cay cú rồ ko dc cất lời ca , xả tức éo ngậm . c .. ức thơm ,",1
chả ăn chả gáy bẩn vãi lz,1
"tao lũ nam kì m , rủa ít",1
t,0
mặt cặc m lồn trọng tài đụ mẹ bắt cc,1
trở lại lợi hại,0
dệ,0
yêu cầu pháp luật nc quét sạch truyệt lủ vô tù hết nhân vân yên ổn lm ăn phát truyển xã hội,1
"trọng tài bán độ , mắt mù cần thiết sân đeu kính nhìn rõ",1
ko a,0
"đúng r bắt phạt nặng tiêm giới trẻ tư tưởng bỏ , phản bội ae bạn bè , ....",1
"haha chúng nó tính thoát trung chui rọ mỹ thoát thoát cm mấy thằng phản động , não chó bày đặt chê bai",1
nhanh chí nhìn biển xe hai thằng,0
chúc mừng gia đình mắt lé tò,1
đồng bọn,0
xin lỗi cứt chó,1
mtp jack,0
"thớt óc chó , dư lợn viên ăn cám heo , bò đỏ ngu si .. thằng đàn ông rẻ tiền mất dạy .. 1 con người khốn nạn ..",1
iu,0
dell loại súc vật mày,1
bồi cc nhá,1
abe thật ròii giáo,0
,0
bỏ ok,0
thắm thối lồn viết văn dài . địt để ý bọn ko .,1
đêm coi cuời ẻ,0
hướng dương google search tim cook hàng nghìn kết quả .,0
bán xôi ko tha,0
bản lĩnh,0
loại mày ngang lắm bảo bố mẹ dậy bắt bố đời địt cụ thằng mắt lá dăm,1
thuyết cực kì phục,0
trọng tài đẹp trai,0
ta nhìn mini map quan trọng nhìn mini map xử lí r,0
nãy h yên bình .. ko đóm táp,1
xem rừng hacerim 2 17 rank vàng . thật bái phục,0
vcl fb fake bố cmt nhưu thật sợ vcl,0
"đa số bố mẹ lao kiếm tiền bất chấp gian dối , tham nhũng bất chấp tiền . thay kiếm tiền xứng đáng giành tình cảm bố mẹ .... lấy . công bằng khôn dại đồng tiền lóa mắt",1
. mẹ mx thằng chó ông bà già mx dcm lollll vợ mx ... ông bà già mx chết hát,1
cố,0
k lắm,0
đcm bọn ăn cháo đá bát,1
người ta nghèo buôn bán nhỏ lẻ nay lừa mất xe yên mấy đứa óc toàn cứt .,1
đưa nam gặp toàng quen,0
lợi clmn lợi,1
nản ngực giá chị,0
tifm đê,0
ôi bố cái lũ thanh niên hãm lol . đẹp mặt,1
ko thêm cánh cụt mai đổi cccd thành linh single mom mất,0
"xin lỗi đc j , nghĩ điiiii",0
from mixi with love !,0
bọn khổ đau đớn,1
thay đổi triết lí tấn công sang phòng ngự thật chặt chẽ thay đổi tư duy đa dạng cách chơi sử dụng 5 hậu vệ vệ tiền vệ trung tâm giúp đôi tuyển việt nam chơi,0
đcm m,1
"lời nghe hiểu đc 2 câu , t học trình nghe hiểu lớp 1",0
má ác,0
"bọn cặn bã xã hội , ko đòi ă , tốt ăn cứt sống đừng lừa đảo lành",1
giọng giả con nít giống ngậm nguyên cc . trích hát,0
k mổ thằng bố con mẹ lão bác sĩ chết đấy bảo đúng quy trình ? địt mẹ chúng mày lũ sâu mọt thối nát .,1
dã man,0
"vl t đóm đâu , m ngoo",1
ngu chết mẹ,1
"việt nam văn hóa chức , hãy bộ mặt đẹp",0
"ngài ngầu ác , chiến z",0
nút unlike bấm phắn cmmd,1
chó,1
nhị thắng cực địt lol mẹ mày,1
mầy thằng trọng tài khốn thế giới thằng kia,1
"cách tìm , đồng đội , đồng chí , bạn hữu đơn vị ảnh .",0
r hiền hả mấy nhặng đ ít phát sáng,1
thiện chí liên hệ . vợ con ko đc,0
vn bọn dư luận viên ăn tiền tài trợ tq . chấp nhận kiếp sống chó săn,1
1 đòn thui mà còn cố nhây chấp nhận thui,0
bóng dơ,1
sorry cc m,1
kazuki kiya haha . hồng nhan đéo thằng katm . đơn giản mày sai chi mấy phức tạp,1
nghiệp nhanh lắm,1
hoan banana ?,0
ngu,1
"ngọc tuyền phúc fb thằng ml r ae ! ae uốn lưỡi , buông lời",1
choán hông,0
bảo khoe khoe cố tình đâu,0
"bất cần đời , but 3",0
". thế giới người ta mỏ bạc , mỏ vàng mỏ kim cương . việt nam mỏ lồn 3",1
quang quang tường cãi lộn cát,0
"ko mấy nước khu vực thằng cha mày , cc j cx đc , nghĩ thông minh thâm thúy",1
già r,0
ck single mom hả ní,0
bắt bọn lấy kim chọc mù hai mắt thả,1
thua ko ko đánh q xong thua kêu đánh chết đánh 1 hồi máu r háu chiến thua ez,0
dkm toàn acc fake,1
chơi game,0
uyên thu tag chị,0
ngọc bình má hài thiệc,0
sự thật mất lòng,0
hhhhaâ t cười ỉa hhhh bố m trường m bú sữa mẹ chắt m thể hiện v ?,1
thuyết phục cực kỳ,0
cay v,0
jack văn minh uy tín,0
"nguyễn lê vĩnh hưng vấn đề chọn cầu thủ đâu ! thế hệ vàng vn , bớt sống ảo tưởng .",1
phương yếncho xin đơn bồi thường nè huhu sợ,0
chả bù k atm tí,1
hhhh nguuu ng chửi k khôn,1
chết,1
ti vi hỏng ... thắng thua chả ảnh hưởng kt ... mai cày treo niêu,0
to đầu ngu vl,1
acc h bk 1 chậm vãi cc z,1
clm dơ chó rách,1
trần nhật m đọc cmt xem t ns đúng sai m ns t bò quê m,1
"óc chó gà vườn , trình m tuổi đếch đòi mở mồm ?",1
"bạn đọc thông cảm bme tg ad gặm xương , k mang xàm lồn , ngồi liếm cứt bọn bốc bãi cứt ăn đấy",1
xã hội thối nát lam con người thành súc vật,1
"già xóa mẹ game già , già khóc lóc trẻ con khinh . già ngu vl già",1
ngọc yên cak,1
đợi bồi thường xe tốt mất phụ tùng đấy,0
"ng nổi tiếng cty thằng rách dân đen gặp gặp , giờ lấy tiền bịt mõm thằng vr dám kiện tụng",0
"xử thật mạnh tay , xã hội tồn tại loạn mất .",1
5 c 5 đ,0
nghe vô sinh bầu,0
hoan nghênh tinh thần vượt khó 1 trọng tài mù,0
tìm bắt hai đứa xe thằng kia ..,0
đúng trọng tài bá dơ,1
kèo show cmnd cu,0
sống chó . bỏ . ăn cháo đá bát thằng dáck ...,1
gáy cố xong solo thua ngta cay vcl.conten lol má m kkkkk ngu mẹ ngu vuầ gửi link thằng cha khuyết tật m solo thua . m coi,1
mạc fan rách cay chửi tùm lum,1
thằng ngộ giả nha,0
minh hiếu cặt linh cá lóc lồn 2 đua bay loạn luan di kiếm đứa nuoi,1
troussier ở ẩn tốt bóng đá thế giới,0
côn đồ cục súc vô nhân tính đề nghi vn . nhà nước vn ban thưởng .,1
bạch kim cx ngồi sủa đc,1
i love you 3000,0
dkm chó,1
len rank ct dct gap,0
ko hối lộ,0
tkg đần duy nhất tkg kiệt nghĩ b tuốt . đ hiểu ch trõ mõm vc ng,1
thằng ad page đúng óc chó,1
"xã hội dàn cảnh tin , 2 thanh niên giả vờ hỏi han tốt bụng tl phân tâm mất cảnh giác thương",0
xem bực mình thêm,0
dột mức,1
giọng nữ,0
hhhhh nhìn cách nc trẩu 2 k8,1
bác sĩ chữa khỏi bệnh trả tiền bệnh viện .,0
"jack ảnh đần ác , cay",1
occho sân cỏ,1
đcm,1
thằng vàng,0
rank m đâu r cu ?,0
ngu fan rách đéo sai mù quáng bú,1
ng tán dương thế,0
ngao ngán thanh niên thích ăn thiên hạ sức dài vai rộng tay chân sống đàn hoàn một chút,1
tú trinh đen dính,0
vương thiên cơ hội r,0
lê trángg sờ bố cắn ghê thật,1
"chất tướng out meta nhìn mùa bt sân chơi pháp sư , ôg đánh mãi mực smurf kiểu , đct đánh đúng 1",0
coppy anh3 clmm tao rip chet me may,1
kỹ năng cac bày đặt viết cap chiều lòng anti . đúng n g u thêm xàm lon,1
mày chửi ad . đúng nghề chửi đấy,1
ngủ làm sao đc bh csgo time,0
mô phật trâm mai phương mai khánh ly thủy tiên,0
henry 0774679582 zalo nhaaa,0
mặt bò biểu cảm vãi haha .... đhs tự nhiên thèm thịt bò khô,1
đá giải ao làng,0
uy tín chó bọn độc tài,1
tiền mặc chả đẹp,0
t gặp m t giết m đấy chó,1
vff xem bình luận . hay là giả điếc,0
"thầy lồn sủa dơ , yêu thầy 3",1
"fake mẹ mày , report ae",1
"nha , coi đỡ buồn hẳn",0
luật pháp nghiêm ...... đề nghị tăng hình phạt mức,0
"i chính quyền thắt chặt kiểm soát . lập thành đội mồi giả bộ nai tơ , trang bị bộ đàm giây liên lạc chứng . nhử bọn ăn cắp , bên nhảy tóm trọn đám",0
bắt phạt hành chính,0
bồi thường 5 củ,0
"nguyễn thị thủy tiên miễn là tiền trả nhân viên ngta , chỗ ko tiền trả lương chịu",0
"nghe chán , ko mất .",0
"dần sóng chút , , , ko đâu buồn",0
thuong . neu nha ngheo xin manh thuong quan giup xon tien mua xe khat . xin cam on .,0
xem hậu trường cực hiếm minh hiếu,0
"mất dạy , trọng tài kiểu j z",1
kệ tổ chúng nó mắc mớ,1
kêu đóng phạt lâu,0
nha,0
cay lordai đăng chửi thối đầu công nhận chủ quan ngu,1
dcm mày cút nước,1
dr bắt xin lỗi vợ bỏ,1
đồng bọn,0
người ta giúp xong ăn cháo đá bát cố bên vực jack bỏ ko v,0
streamer đéo đạo đức chửi k chửi n ngồi đầu ?,1
"nguyễn mạnh nghèo dốt , cuộc sống mong muốn . lỗi tư duy . tư duy thần tượng 1 thằng rác dách dũng cuộc đời khổ",1
cút nước ông già bất tài,1
danh banh cai lon luông lin loc,1
biến troussier,1
"trương bình chơi game t tưởng đóng phim , nghe ứa",1
"nek , toàn lũ giáo sư tiến sĩ đầu óc cức",1
vã lắm r,0
đm cb mất acc xl t lường trc đc r hỏi han mấy ôg trọng tài mất acc world cup ổg trao dồi kinh nghiệm mấy ổg mất acc r đấy . bắt k côg h xl xl cc cl hãm lồn vãi,0
bắt đúng tý,0
mù ngu nx,1
dẹo trai chi,1
"trình mày gà shit vvv , sợ mấy thằng cày thuê thằng mực gặp tao top ilaoi tao hành vỡ mồm",1
sam hãy thử trc ăn nhá,0
thằng ngu,1
ok thầy v,0
"xứng đáng tha thứ , hành xử thiếu văn hóa lặp đội tuyển việt nam",0
nguyễn chí đông chửi ác,0
bài vở tỉ lệ thành công,0
ụa nãy giờ chọc đóm chọc chủ cmt v,0
thùy trang giờ nè,0
chó ngửi mùi thằng trộm,0
"dạo mấy bố ts giấy phát biểu hơi , phần lớn tư duy kiến thức lạc hậu , nhiệt tình cộng ngu dốt thành phá hoại",1
"nguyễn mạnh nhỏ học , thiểu năng rách",1
ác quá tội gái,0
mịa bọn trộm cắp,1
"chị nói chuyện sản khoái 1000 like chị , thực tế",0
ủng hộ huấn luyện viên philip trousser . luôn luôn tin huấn luyện viên đội tuyển . thích đại diện phần . bóng đá lúc nào thắng thua .,0
sờ mớp nhìn đánh ngu vkl,1
ngânn lào keyyy,0
mày biến khỏi đất nước vn biến khỏi đtvn thằng đầu phân pháp troussier,1
hãy mãi thơ ngây .,0
con trai bảo đợi ?,0
kiểu đánh bục mặt kh mất kiểm soát 1 trận làng game,0
"lê tấn tài tao mày khỉ đầu chó tao chửi , tao nhầm , mày xúc vật hiểu tiếng",1
miệng đích trẻ con,1
mày mất thẻ đỏ r k rút,0
giàu lắm tiền lắm cháu lắm . nước ngoài dell tiền . bệnh xạo lozzz .,1
chả hiểu mẹ,1
võ thành phước p đánh nunu zày ez win,0
luật đem 15 tuổi tử hình . lúc nào đủ tuổi,0
mọc thêm 1 trang viẹt tân ag . đkm bọn chó đẻ,1
nay mat dai that,1
chúng bố ăn chết chúng bố . thiên đường xhcn đấy .,1
"ngọc nữ thật 1 bộ phận dân miền b đủ thông minh 1 xã hội hoàn thiện dân hàn quốc jack lụi lâu , đúng dân trí thấp chấp nhận giá trị thấp",1
"xin lỗi cc mực , cởi quần",1
kay vờ lờ .,1
"chuẩn bị chức , xem cầm quân kiểu chấp đối thủ sợ . chiến thuật kiểu chó chạy ruộng cày tốn sức hiệu quả , công cùn thủ kém coi thường đối thủ . sân mỹ đình vắng vẻ trận cầm quân xem thêm",0
bât fb cẩn thận,0
ae,0
mọi sáng tỏ chứng minh sự thật .,0
đừng stream k tương lai đâu hốt cớt ăn e,1
miếng danh dự đâu mất,0
dạo bọn dlv chửi phản động . tiền lương thấp đủ chuồn .,1
liên quan nợ ngta nợ ko liên quan ăn nói thoi con người ko tốt r,0
thằng điên,1
"vả vô mỏ loz mày , thứ học sinh trời đánh",1
đúng sâu bọ giệt hoài ko hết,1
linh nói tục ko duyên đồ mất nết,1
xin me may,1
xin mày,1
lòng tự trọng . chức,0
tròn ko mấy ngạnh sam,0
cố cãi cm ae thương,0
mầy mạng xã hội mầy vỗ lồn nầy ko dám hết dậy trời tức ói máu,1
bọn cướp ngứa gan .,1
"tấn tài trình độ đá trung vệ lệch trái , thể hình mỏng , non , bùi tiến dũng sử dụng , thành chung , vleague hữu tuấn , dương hào ... mục tiêu world cup ko vòng loại 2 , trận đấu chính thức đâu thử xem thêm",0
chị chị em giờ chửi,0
ngao ngán !,0
thanh niên trộm cắp bầy đàn ... tởm thật ...,1
quần đ,1
"tứ quý chặt đôi heo đc đâu , lộ tứ quý nhaaa hahhahaha t m thúi trần thị linh ánh bui thi my ngoc thanh hà thảo thùy trang lê thị oanh hoàng linhc",0
linda thám tử bắt tận tay đối chấp thanh niên quay lén,0
giày trăm rưỡi sóp pe hơi xịn nha,0
why cặc,1
mê cách ta choke,0
"m thằng dốt ko pik đăng tào lao e ak , móng trụ ko đạt dựng trụ sập oy , đâu dựng thành hình kéo dây , đổ thừa bò kéo sập trụ . đúng mấy thằng ngu bò",1
thoại trần ok tã,0
liên hoa thằng rách đội quần tin . niềm tin bất diệt lũ ruồi mất não,1
đập chết bọn chửi đấy,1
k live ak . xem vui,0
phạt mày phạt thẻ mày rút xin lỗi lồn mẹ mày,1
bay mâu,0
cai vu veadan cung the thoi . dit cmcm um xum len dc cai cc j,1
haha cay mấy văn cấp 1 đúng văn cạn suy nghĩ nhiêu đấy mấy thằng nhóc ác lắm,1
ruồi đít vàng mãi đỉnh,1
bò,1
chuẩn nha,0
"cmm xin lỗi củ cặc , nghỉ việc",1
t ko bất hạnh hôm qua thua t cảm thấy lỗi bố mẹ m đẻ m,1
chơi game nuốt lưỡi hả má,0
mẹ mày ... sớm muộn mày chết,1
loại cách ly khỏi xã hội,1
tiền lái xe xe ta,0
hợp lý,0
giật đ trượt phát vị trí độ tày,1
chụp ảnh nước dám trốn ?,0
tóm linh toàn lũ thất học một chút tiền lợi nhuận chửi kiếm tiền,1
sau này ms hối hận,0
4 thằng chung,0
uống dc tuần cải thiện,0
đánh ngu vl,1
chị dễ thương,0
"lân giỏi thật , , , , phỏng vấn mặt tỉnh bơ",0
áo chất,0
bỏ tặc nhe.ko coi chừng xe .,0
bảo vô văn hóa tự ái,1
"xinh , coi chừng thả 1 đứa quay bình dương bán nước tương",0
táo quân nay đóng vai ngọc hoàng idol lộc fuho mọi ?,0
vitamin nhung cđ m,1
nguyễn hoàng sâm lồnnn sâm,1
"toàn bọn đầu trộm , đuôi cướp !",1
yên tâm e hầu tòa nhân chứng ráck ăn cức đá bô phe viruss,1
minh hieu ali chui noi bon ngu nguco bang cap,1
thành trung đọc bình luận tục vc,0
"ngu ran chieu nguoi bay gio dung tin , that",0
yêu hồng kông yêu cảnh sát hồng kông hồng kông tự do,0
"nghỉ mẹ nước , gà vcl",1
thương,0
"dơ dái , bẩn thiểu , hèn hạ , hạ cấp . ghê tởm",1
lan hoa ăn nói bộ phận sinh dục êii,1
trọng tài lé,1
phá hoại bóng đá vn,0
"đánh ngu lợn , mồm mõm , mặt đầu cặc tao",1
", bọn phối hợp ăn ý ko",0
trang myhan nho lém,0
chúng dàn cảnh cướp .,1
thằng 2 17 trái lane đc acn review ?,1
trọng tài kiểu bíp j ha,1
vk ny uống ko động dục ko,0
lo học cháu thi xàm loz,1
thiệt chán ghét cảm giác .,0
pre tài trợ độ tây hôm,0
"trai mê nè bán mua ko mua chạy khỏi xe đung gần vh , w ko",0
thanh xuân 1 ly trà,0
hhhhh cười ỉa hhhhh nhục con trai hhhh,1
xin lỗi phiền quý vị,0
bầu cử cl tao fb kq đâu mấy trc . bâu cm lấy tiền chia nhâu k,1
dcm thằng súc vật não chết mm,1
mắt đít cháu bắt qq,1
tui đoán nghề chửi mướn ... ko ngờ thiệt . thag j hiền hiền dập . 1 .,0
tao sin mày tiệp sủa ít ko nhà nước mày cách ly o chỗ châu việt cường đấy .,1
sory dcmm,1
ko hiền đừng tỏ thằng dạy,1
cuối đời trần dần nghĩ sam hoi đoàn kết một số thành phần chống cộng nghĩ,0
"chúc thầy , thêm mật danh",0
nước ngoài tội tộm cấp xử nghiêm minh . việt nam luật pháp bảo vệ thằng ăn trộm ăn cướp . chịu,1
xã hội ko ko thể quá khổ . lao động,0
"chó linh cảm , đánh hơi noé sủa mấy ....",0
quên mai cuối tuần nữa mai nt tui thử hk onl sặp,0
mở quà lấy mã toàn sàn giảm 20 k 50 k mỹ phẩm 18 h cos300k18h10 giảm 100 k đơn 300 k . xem thêm,0
xin lỗi địt mẹ mày,1
bố m hóng ảnh m bàn thờ,1
xin lỗi địt cụ mày,1
im đi,0
"gian hàng tổ hợp nhà ga đéo nhà ga nhá v ngu , ngu hết phần thiên hạ",1
"tù miền nam xem , bố láo thật",1
hoàng minh giáp seach gg,0
"trụ đ đánh , ngựa ngựa múa múa thua đúng r . nguu , rút kinh nghiệm",1
cút nước,1
70 tuổi già chức sớm cút bên nước pháp nghỉ ngơi,1
clm nhỏ chủ tus nói đùa chim cánh cụt khịa r,0
lỗi lượt về ép thailan thua 2 0 đê,0
thi m van ngu,1
"đéo đâu xa đạo đức mấy thằng chó công an giao thông sáng nãy e tiễn mấy thằng lính .. bọn giao thông dẹp đường cầm gậy sắt chửi dân bố mày đập chết cụ mày giờ , địt cụ mày đéo ngờ đấy",1
bọn bắt giết,1
ccccccc,1
đức thịnh e a đấy,0
ko đánh lo pk,0
giống k,0
nghỉ mẹ . xin lỗi .,1
"thánh thông minh lắm , đừng giỡn nhe , , ... lương lẹo lắm .. kk",0
ad thế giới ?,0
lộc gồng lộc bắn nè,0
bay acc,0
ma ba vang ngoc noi thiet khg bao gio noi doc,0
dm cụ tao thiếu tiền dột,1
địt mẹ . cười rụng con mẹ mồm .,1
xin lỗi cặc 3 màyy,1
"thang cc nao ma chang the dc ,",1
xin lỗi cc,1
địt mẹ mày mai đường đâm cột điện chết,1
"bắt sử bắn bỏ vài thằng riết sợ hà , làm ăn méo lo tối ngày trộm cấp .",1
trâu ngu si tốn tiền thuế dân việt nuôi mày .,1
mày bắt ngu vậy mà đy trọng tài,1
xe tao tiệm cầu mong tụi lấy dùm tao thề tao vồ dc tao tụi tàn phế suốt đời,1
giải nghệ,0
"thoát đâu , yên tâm bắt 3",0
rảnh giúp mẹ giúp . sống chậm mả cha chúng mày ...,1
ngu xuẩn nhì tt mỹ thơ trần đăng khoa,1
dại trai 1 ngu,1
lâm châu minh dàn cảnh lấy xe,0
"thằng âm binh , xéo",1
pew đau lắm,0
đcmm thằng trâu sề . cút cmm . loại mày dẵn dắt ?,1
thương nhìn sót sa ho cg nỡ lòng đứng nhìn đánh ng ta vây ác đôc mong phát luât cuôc dăn đe kẻ cầu xin chúa thương xót chữa lành,0
thiên tai hạn hán đổ lỗi chính phủ . vậy có lẽ tao coi mày thất bại bố mẹ mày làm tình ko thằng ad óc chó ?,1
cưng ..,0
vui vẻ quạu abe,0
"tụi bắt chặt tay bỏ , ăn cướp đc",1
ko bít đầu đuôi . câu chuyện . hùa chưởi người ta . h bây h quay cắn . khẩu nghiệp tạo nghiệp .,1
quân thất đức,1
"võ hồng gấm mấy tiếp xúc thêm , nghe ớn lạnh , cầu mong đừng nhiễm , k quê rần rần riết chị bệnh lun",0
nghỉ pháp trồng nho nấu rượu,0
chí cường up dc 2 bac oai vc,0
đít phát sáng rõ,1
trực tiếp k chịu đt nt ?,0
xã hội tốt khó,0
"hết dịch covid , mang khẩu trang cẩn thận",0
tết thầy sela xông nhà tán gia bại sản thầy .,0
cc . nghe ngu tỏ nguy hiểm chửi bới đồng đội chư ?,1
mẹ mày . nhạ . nhòm bữa cơm 25 k cháu trường tiểu học hạp lĩnh . tp bắc ninh xem mày đớp đc ko,1
"thay vì chê văn bản , sai chỗ",0
chữi tắt thở,0
huỳnh minh lực,0
"3 thằng đàn ông to ăn cướp phụ nữ nhỏ bé , 3 thằng thua loài súc vật",1
đức thịnh,0
"ad đúng , thằng phản bác toàn lũ vô học đéo",1
đánh cc .. nhìn bẩn hết mắt,1
cảm giác nhớ,0
dinh hong ngoc vắt chanh vắt quất sảng khoái thơm tho,0
m ngu dốt vl mày bọn bênh thằng jack mày cmt vô cắn tụi m thằng đàn bà m nói chuyện xem lại cmt trc hả cắn con trai ngu tự ái đàn bà cắn,1
chửi dcmmm,1
tội mê trai nè . chừa,1
chửi dùm nhân,0
anh em học trò thầy ba like avt hộ,0
tiền,0
mẹ,1
bắt cc h xin lỗi,1
trông mặt thằng bố ác ôn hai thằng,1
chó diên dan chuong trình nghe muon ỉa quần,1
chế độ moi,1
đéo bắt cút,1
"nguyễn dương t đâu kia tự vác lol tìm trai , than khóc bỏ tốt đẹp . m dắt mũi ngu ko kém",1
"ban xôi đuoc mây đông , bi cuop xe",0
?,0
mấy thằng hèn,1
co ba vang ngọc noi e cacmobi 100 nha co,0
asean cup tuyển việt nam thua đẹp . thua tiến bộ . vòng loại wc tuyển việt nam thua lạc quan . ko,0
tù toàn quen làm quen mày,0
ảnh xinh . cmt cẩn thận jack gạ đ bảo dùng bao tiền chu cấp đâu,1
thằng mặt l đường tưởng thần kinh đấy,1
ko phá hoại tài sản ng ta,0
đầu chứa cứt đá trận thua trận .,1
đọc kĩ hết coi bênh thằng đâu,0
lỗi cc fuck,1
"xàm , ăn rảnh rỗi l , dịch ko giúp đc chửi đăng , chụp gạo đồ , trẻ trâu",1
sợ thật,0
trần văn hưng tia nhanh,0
jack chịu trách nhiệm k b,0
giày hiệu made mixi,0
im mẹ mồm,1
tội chí bán hàng,0
sorry qq,1
vô học,1
vợ chả chửi toàn chửi cha mẹ,0
"3 m month share live group ảnh kĩ ảnh nghĩ 3 m buổi share live xong ảnh ghim suốt 4 . chơi hết mình , chơi hết hồn",0
yogurt lộk bắnn lôk bắnn,0
cút mẹ mày khỏi vn thằng hlv loz,1
duyên dáng,0
châu đá nổi . hlv tồi,1
mày cút mẹ . bắt ngu lắm,1
jack an l,1
ế sale thầy,0
levi call chi suất sắc,0
viết đơn kiện tòa đối chất,0
fake ae,0
"t thề dịch bệnh hết nhung ra viện nhìn lao xé xác , sợ tụt lờ k dám đâu đâu",1
chào thằng khốn,1
"không thể tha thứ loại mat dạy ,",1
lấy sợ thật,0
khứa hồn hồn lài,0
xứ đông lào chúng hốc,1
yêu thầy dấu bé 3,0
biến khỏi vn đm hưởng mấy tỉ dẫn dắt cc,1
you suck,1
thương bố mẹ đẻ óc chó,1
đừng tài giải ao làng .,0
lũ chó lãnh đạo đcs,1
may lm the đung,1
clm fake bú fame đm,1
đm thanh niên sức dài vai rộng ko chịu ăn .,1
cay xem ngu đấy,1
linh k nhục đua mặt cà ..,1
đớp tiền lắm mắt đui mù . vn đéo chấp nhận lời xl,1
an tiền lam,0
bố phước brooooo,0
"thằng rách uy tín cơ à , cười vkl thằng giẻ rách",1
mày ngu ad,1
đeo hieu kieu gi,1
"chửi kg gọi phone chửi dã miệng , lên dây khoe vàng hả , ỉa déo dưa , bó tay ,",1
ăn tuần hết xe xẽ trả giá đắt,0
tin jack jack grealish bên man city,0
tốt gặp la,0
dcmm sợ,1
"nhanh ngăn cản dị không gian đh , tụi vực ngoại thiên ma xâm lấn r kìa",0
lý quốc việt hmmm,0
khóc lóc cặc . nhét ku mồm mày,1
minh 5 tỉ chơiiii,0
me may,1
hoan ho chị ba . ko cai cad zạ chị ba . ung ho ma ko,0
đet mẹ tài cắc tài lồn me no tài chết hết ho no jk,1
"giao dịch bạn bè đ nghe chúa hề vc . t ko fan thằng nghe đấm tai kiểu giải thích , nhận xét thật sự trình ncc đường cùng góng chửi giải thích live duo",1
mong huấn luyện viên trao cơ hội ibrahim maza hertha bsc . 1 cầu thủ tiềm năng trở thành siêu sao bóng đá thế giới,0
ko ghi trang mixi tưởng e,0
giàu não đâu đức ngọc,1
bố m xẻo m,1
chi e thich chi . chi dep,0
cmt nhớ mang não nha,1
"điên , next mẹ mày",1
tuyển thủ team chuyên nghiệp mang pubg vn thế giới,0
tyler1 phiên bản việt,0
khúc kêu ld share live e tính chị hả ta .,0
"nguyễn huy sai chính tả kìa , red ko rad",0
xạo khổ cú giàu,1
cay chân cx cay,0
2 giọt nước thầy . trinh giọt nước suối thầy giọt nước cống thầy,1
dơ vlll t thích,1
bat dc chắc tay bỏ la dc,0
mịe chó nàyyyy,1
fan thằng thích cmt ngu chổ ngu,1
phan rách hối lộ 5 củ hả thời điểm r drama r cố chấp súc vật bỏ,1
thật đáng sợ con người tàn nhẫn,0
cập nhật,0
lạy mấy sáng sớm thức coi tối qua giờ ám ảnh đ dám đánh,0
vụ việc e hơi lâu,0
"luật nhân quyền mỹ dành honhkong thật sự good . lũ hắc cảnh rón dái hết , chó săn kiếm tiền sứ giãy chết , giờ áp chế chó chi người ta chửi",1
sống chậm mn,0
nguyễn trọng hiệp hiệp bmw,0
vũ đức nghe giống tiếng e nguyễn long bi rên ko,0
bú win hả,1
đôi khi ng tốt khó ak,0
"tại sao việt nam ko dứt điểm mấy vụ , bắt đc chặt tay xem thằng dám , bảo nhân đạo chúng nó nghĩ lỗi khổ mất",1
ko luộc đồ,0
no mung vi no su sai nhung van co nguoi bi ngoi tu vi ngu,1
trang moon cười đỏ hết lợi,0
đmm chạm tay m mù hả,1
xl kặc chơi xong xl chs la8j,1
nứng,1
ditconmemay mù,1
lớp du chu cờ mo hiếuuu,0
"mấy học fpt lấy ý tưởng đồ án nè , xuất sắc v",0
"tình trạng dân dọn dẹp nhà cửa tết leo thang . đề nghị ban ngành , cơ quan hữu quan biện pháp cải thiện tình trạng một số hình thức tuyên truyền , răn đe , thu thuế môi trường thật nặng dọn nhà cửa tết xuân",0
sinh sinh k bt im lặng,0
"ban , xôi cug ko tha",0
im mẹ thằng mặt lon,1
thằng bd lộn kiếp nỗ banh lòng,1
nghỉ hiu hộ tao,0
bảo dạng háng leo rank giãy đành đạch,1
hãy cút xéo khỏi đất nước,1
"nước giờ đắt , bán giá",0
xin lỗi mẹ,1
"thiên di thảo thảo bùi đức hữu nhat nhật hoàng minh tội gái , nhiệt tình thành củng ko",0
tưởng thầy chuyển đóng phim,0
dm ... thằng assmin mặt l .. hiếp zdam thị giác ...,1
nghe vô sinh dễ thai,0
lỗi qq,1
chịch lò bọn nam kỳ xuc sinh,1
nay hơi chậm cailozcatkhong,1
trình độ yếu kém đá hài lòng,0
người ta nghèo khổ bán xôi tha,0
trọng tài made in ha noi,0
trọng tài mù,1
chết cười pha jjleo hiến thân rambo,0
vàng đại cao thủ bẩn th,1
mong trút moẹ tro quần !,1
ok haha t chết t k tha dòng họ m,1
"phạm long vũ , k đc trêu idol",0
,0
"chửi hông tức ngủ hổng , thức sáng",0
bắt đc 1 đóm,0
bọn đấy ngang đa cấp đấy tàn mồm thầy cúng,1
loại bắt tàn phế suốt đời,1
rio rio bỏ dám vu khống đâu,0
xin đb,1
tốt nghiệp đỗ ơiii,0
ơiiii,0
game đau tay,0
câu xin chim bắt sai xong h xin lỗi,1
sr địt cụ mày,1
óc trâu . chắc ngi nhu minh,1
miện giống lôm trâu,1
pháp luật vn bn . l,0
hlv ccccccc,1
ăn hành thua xong quay chửi ngược đồng đội . đù mé . cay vl,1
pham minh phục lồn .,1
why cụ nội m,1
anh em khu vực tây ninh vay tiền alo 1 tr 5 k,0
"ngu hãy xem lại bản thân , ko đc thách đấu hàn ko sủa",1
đm thằng óc chó,1
"eo , nhận vơ bắt buộc người ta chấp nhận , nói năng , tay nhấn live tóp tóp trả lời tin nhắn tay",0
bích đú ...,1
rên cặt v,1
sory l mẹ m,1
thường xuyên,0
đồ tồi,1
ham zai cơ .. zai lạ sấn gần nch tay đầu xe,1
ức chế thật,0
nhục lãnh lương ko ?,1
bố thằng ngu .,1
uh lồn lịch sự,1
đich mẹ mày,1
thất bại cs,0
thằng assmin nhãm shitt ... đành page chửi . mày assmin viết gợi ý ... mem chửi ... mày dành chửi kiểu chơi đéo ...,1
phạm văn lộc idol viết sai kìa,0
tiền chở xe công tử hình tiền t nhìu lắm kkkk,0
vp trường kiếm cơm thui,0
người ta gọi chó vàng chiến sĩ đánh giặc mi gọi đớp vơ vét dân gọi chó,1
ngu,1
"live linh tinh kia thằng live tài giỏi thằng bỏ đấy đấy , thằng bỏ thì ra tố đạo nhái đấy , đạo nước ta sang giới kpop giới usuk . nói chung rách mãi rách",1
e hàm răng ko đẹp hỗ trợ ko a hjhj,0
nhường ko ăn đc,0
mê trai giờ trách,1
"oanh võ rách hả nhân sinh , giá trị , thế giới quan sống lệch lạc",1
"nhìn mấy fan trẩu bênh hài vl , ng ta nghe k đc ngta k đc ngta chửi idol tụi m đâu xù lông , m bật nhạc jack ba mẹ tụi m ông bà m nghe , thử ba mẹ ông bà m chê m chửi ba mẹ m k",1
miền tây chào e,0
m pk thầy ba giống gà điểm k thao hoang,1
thật đéo tuổi đâu đường đường stream cách trả lời người ta k đúng trình giỏi trình người ta đôi co,1
thanhhuy nguyen dơ vcl,1
clm trí xuân,1
xím chút 6 miếng đất,0
ca nha oi co 1 ba khung bi tam than . kieu no di cau an cuc di ......,1
lớp mấy,0
"đuối lí , hóa ra trình độ nhận biết b nhiêu đấy .",1
dm thằng lol máy chết vn tao tha,1
nghĩ băm chó đĩ trận,1
cày đơn đôi thách đấu ?,0
"phobolsatv bien me , phỏng vấn tao lao , may phong van gia đình mày . nhin may nguoi gia ma ko tha , phobolsa sam",1
phạm văn lộc đỉ mẹ mày tus liếm fame,1
bú fame nhanh,0
thở câu thối câu đấy . ranh con,1
"may đô khùng , ăn nói tục tiểu ko loại ca tụng máy loại ko học thức",1
nội m,1
bảo đóm rác cay bu cắn,1
óc chó đit cụ mày,1
giàu ý thức đầu cac,1
mấy bắt cắt 2 lo tai,1
tặng anh em fa,0
xin lỗi đm,1
mặt cặc zeros,1
gật đánh chết đúng,1
ae đúng hảo hán,0
ngu r,1
"bồi thường 5 triệu bắt rách hôn , ráck đồng ý hông nè",1
"cố , , , mặc kệ người ta",0
cầm thú,1
mắc cười ủng hộ,0
chức . đéo chọn,1
lmcs,1
phá nát bóng đá vn,0
thái sơn đức phú out,0
"kc 4 đánh sợ chúng nó kéo lục bảo 1 làm sao , main đấng",0
chúng nó tap kìa v,1
sủa gi dị chó . sủa đổng nghe . vả lệch mồm giờ . kkkk cay,1
"hoàng công hiếu lỗi đa số sống lol , đa số",1
lồn,1
xin lỗi cmm,1
con người thứ côn trùng ve chó phát sáng v ?,1
ngoc tran mất tết,0
ngu cay xd,1
thầy học sinh cá biệt hông thầy,0
"alloc init , 512 , gettickcount",0
lân phỏng vấn đối đầu mạnh xem ý kiến .,0
ship a 10 hộp bắc ninh,0
cặp vợ chồng chim mồi ăn cướp người ta thằng bắt đập đầu sống nhìn bảng số xe tìm mấy thằng đập què tay chân hết tội gái nghèo bán xôi mất xe,1
tao đéo tao xác định mày chửi con gái người ta giỏi tao vs mày chửi mạc nhân cách,1
đồng bọn,0
"xe vệ đường ko khóa , nể",0
ngu vãi lồn,1
"chẳng dân ngu dốt , học luật giao thông bố thằng làm bậy dm",1
bỡi bán 1 cảnh giác,0
"cút khỏi việt nam . mày bớt phá bđvn dùm t . mày hlv , mày kẻ phá hoại",1
cmt đao,1
chị ăn xạo lồn chó chị 3 . đụ mẹ chị 3 chó hoang,1
clm game nhập vai,0
"hờ mee vn giống tụi tư bản đâu lo , mấy vụ tù hết hổ báo liền",0
t xem cc gi,1
t,0
kiểu,0
cày thuê bk sủa nhưu thật,1
đúng pro player game lol ngang trình ma vương r a,0
tổ cụ bọn khốn nạn xã hội bọn đập nát ng,1
ace mún đầu tóc ưng ý chơi tết lh nha,0
"đúng 1 vi rút ko , đạo nhạc",1
trịnh kiệt minh hình ảnh t đâu,0
ghét bọn nhà báo giật tít .,1
kịch bản củ xì hiệu quả đối với bọn bất lương .,1
i love u pặc pặc,0
e thích phù thủy r nam s a,0
hé,0
mấy đứa gây tội ác sau này già bệnh tật ko sinh mọi bảo tội nghiệp,1
đáng sợ thả tim abe,0
mày kinh,1
ruồi đít phát sáng,1
chậm đcm chúng m nhai mãi đéo chán,1
rên kiểu địt toác lồn,1
"nịt , xăng chẳng",0
đm toàn khoe ng ng kia đéo mẹ j,1
trọng tài cc,1
thằng điên,1
điệp thương buồi a mày,1
", đc chu0j hay sao 3",0
nịt rách,1
đánh cặc,1
chết mai chủ nhật dí hé,0
nói chuyện zô zăn hóa mày coy ckung tao bắn chết nhe mày,1
nguyễn thịnh 6 múi kìa,0
gắt cúng giỗ đầu ô già m . thg con mẹ hấp hối thoi thoi mày đâu r xúc vật . đéo lo chôn cha mẹ m cắn bậy thg tiểu nhân viruss chó,1
ta việt nam luật chặt bỏ tứ chi máy thằng làm gì chộm cướp,1
thằng chó tự trọng cút nc mày thằng chó,1
khịa,0
hoàng đỗ nè,0
k tội chỗ mê trai đào thai hết,0
maruko linh,0
mày mất acc,1
cai miệng ba nay chua hêt nghiệp lai tao nghiệp nua roi.phu ni ma tho tức miệng co doi ma thui nua,1
thời khó khăn loạn lạc,0
cày thuê bạck kim bạc a . mọi bảo a làm việc dễ,0
cút cmm đê,1
địt mịe mày lm ăn kiểu xin lỗi đéo j,1
dễ thương duyên . love .,0
"đánh ngta xong bảo ko thiếu tiền , thằng khốn xử nặng b",1
"tự dưng thành fan jack lúc nào k , tao fan jack ... jack sparrow",0
ngọc duyên tyler1 phiên bản suy dinh dưỡng,0
dick,1
cai cc,1
mê viết hồi lòi nết kì thị vùng miền liền,0
nhìn thằng cha toàn lũ mất dạy tn thằng cha thằng cha đội mồ dậy k cứu đc 3,1
da thị ba,0
công an bớt tập trung thổi cồn giành bắt mấy thằng dân đỡ khổ,0
"bọn chó sư khởi nghiệp , chúng lợi dụng thiếu hiểu biết tư duy kém cỏi tầng lớp lao động phổ thông , kém tri thức trục lợi",1
coi hả hê vc,0
chính quyền lờ,1
lí do luật gắn thêm biển xe máy,0
kêu phương hằng phốt,0
"im đéo , đ fan anti đm trình kc bẩn bỏ tiến bộ dc ăn nói kiểu bô kích",1
may cut ve phap di troussier a thang boc phet mom dieu ..,1
ê t xem kiện xong bồi thường nhỏ tam quan lệch lạc,0
trọng tài bt tiếng việt nam hả chia review phim tiếng việt,0
việt nam vui,0
nhin mat mu nay giong lu tau khua,1
"trọng tài mày nghỉ mẹ mày bóng đá đông nam cơ hội phát triển , thằng trọng tài ngu xuẩn dốt nát",1
xin đéo j,1
mẹ mày bắc xong xin lỗi,1
fake mn chửi chi mất công,0
tài khoản fake,0
thầy lol chúc rớt,1
tin nhắn báo bảo gia đình hiền lắm,0
mọi đừng,0
già cút,1
đúng nè,0
fan minh hiếu đâu taaaa,0
lời xin lỗi muộn màng trọng tài cứt,1
thằng óc tôm .,1
sống chậm,0
xin vĩnh biệt cụ,0
yess,0
1 đời liêm khiết k icm,0
a độ trông chị trang vắng,0
nguyễn bá quang xem cmt ko vui trk đkm cno óc chó vl,1
xa thải huấn luyện viên nhanh kịp .. bóng đá việt nam đá tệ,1
thằng lồn tham mu cc,1
deo vang bong khg vay me bong bu cat,1
chó nghi ngờ ngửi,0
xin lỗi cc xin lỗi ko bị thương giờ tao đấm mặt tao kêu xl ok j,1
đoàn trung hiếu vãi loinmm,1
t nhớ thằng quyền dùng 3 m m thuê bạn bè ?,0
"tết lương mua xu may mắn lì xì , tặng quà tết bạn bè người thân mọi eii",0
mày cờ hó oách sờ lách câu view ah vũ tiệp,1
súc vat,1
quan va . dan nhu phai ton phap luat . khong thuen vi mot ?,0
trọng tài fake ae chửi j tốn nước miếng,0
bọn trộm cắp lấy,1
fb pha ke mấy ưi ...,0
mày gái l n mê,1
sion live action phú vinh,0
ngu mực,1
"đéo cặc ngồi múa phím suy diễn đm tụi bây , người ta hãy loại ghen ăn tức",1
dân bắt đánh chết,1
xin lỗi đmm,1
bú cạn tinh lực chim thằng kata chơi chung,1
th dở cáu lí . tự chiêu ngu sủa 1 chó ngu,1
top mạnh top 2,0
địt mẹ tổ thằng súc vật óc chó,1
quỷ ngọc hiếu .. thứ ngu ngục tù .. đou mẹ minh hiếu chửi mặt lozz .. giờ áp phe minh hiếu ... ko sĩ diện ...,1
ok haha thằng kid sủa,1
nieu mày giao mộ noi đo,1
ổn,0
acc thật mn,0
dan toi lũ chết,1
dùng kiểu content bẩn hút tương tác . đúng 30 tuổi đầu đ khôn zai,1
thử nhung lây m thử . m k chử . đạo đức giả,1
"khám mắt , mắt cận nhìn rõ kia",0
truyền thống văn hóa tốt đẹp thời hòn dái viễn đông v,1
thảo mai ố dè nghe bực luô,0
đào hồng hạnh xin lỗi cc,1
thằng trận bảo quết thắng 3 điểm chẳng,1
man sống chậm tý,0
luv,0
phan linh đb ct lm j đâu ? ss chán,1
đ c m bắt láo giờ xl tấu hài,1
đỷ mẹ mày chó,1
chó,1
hình acc giả,0
mày mẹ pháp đỡ nhớp mắt bóng đá việt nam mày,1
may thang loz nay . méo song tho dau . me tui no ganh cong lung,1
,0
nay anh em ko gọi gà kêu ba pro,0
that la vl,0
địt mẹ chó,1
vcl mấy thằng liệt não,1
dương đông kích tây,0
chúc lộn thầy ba 20 10 vui vẻ v,0
xem video thương lắm,0
dm dm dm,1
"mong muốn khởi nghĩa đất nước giống ukranie , syria , iraq ước mơ cháy mỏng ad",0
việt nam hồ chí minh,0
"bọn học hành , giáo dục , nhục , học , đạo đức hiểu năn nỉ người ta lấy",1
chuẩn a ưii,0
địt mẹ mày thằng ăn hại thằng bất tài,1
nhìn mặt tk bố bt ác,1
"đủ 16 tuổi ngồi tù giáo dưỡng đc , đủ tuổi tù . mong pháp luật đứng phía công bằng",0
guk,0
"gieo nhân gặt , lãnh hậu quả",1
ok haha súc vật rác 5 củ lũ súc vật,1
thứ nốn lừng . chơi game rên chó đéo .,1
thằng trẩu tre,1
dm diễn thực hành đất nước vn . khốn khổ dàn cảnh,1
cháu mực ngu ngu,1
video mấy cán bộ đâu . lo canh bắt dân,1
bắn bỏ thứ lắm tiền cặn bã xã hội,1
ngu abe,1
nguyễn quang ngầu v,0
"you must die , you are shit , why don t you give a red card in this situation",1
"ngọc nữ wow , bỏ , vô ơn thần tượg thằng chồng ok",1
"1 trọng tài dấu ấn tồi tệ bóng đá , xấu hình ảnh đội ngũ trọng tài you are an arbitrator to leave the worst mark for football , bad image of the arbitration team",0
"xin chào , hôm nay sói hướng dẫn cắn kẹo xê xủi hương cam v",0
mẹ mày đủ trinh ki,1
bóng đá việt nam fifa xếp hạng kakak,0
"bửa kêu bọn đầu gấu giết hết gia đình ad . post giết bắt , trộm bỏ tù , lương thiện tha . mồ tổ cha mày rảnh hơi , hết hả mậy . gặp tao tao giết lun bỏ tù chi",1
"r minh hiếu chửi hả thiểu năng , não ko bt suy nghĩ ak , mấy đứa ghép hình vs mh fan mh",1
lòn má mày mất dạy,1
"mẫn đạt bất tài . phản ứng , mồm .",1
đâu biến súc vật thành con người dc,1
bốn liền,1
"nguyên dảk chửi 1 chửi , 10 chửi , giờ thang đo độ văn minh tần suất chửi",1
tài lol,1
đời chúng mày ko đâu .,1
cutdidjtmemayoclolbadau,1
"bảo ô ad , ô mở phim sex , vặn loa hết cỡ nghe diễn viên rên tốt não đôi co phản biện lũ tiến sĩ việt",1
bán ba nước hoa xạo,1
nhờ miệt mài ngồi cổ vũ a rf hnay,0
cai toi thay trai keu la tiep ne,0
tuyệt lm ln,0
tổ tiên mày húp máu lồn,1
acc kc mực 1 nắng,0
ri cc,1
bê đê bệnh xạo lồn,1
mẹ tụi ko não kếu phản động . ko hiểu chuyen j ma cu cs la tụi nhảy tưng tưng ăn hết ông bà vãi tụi mẹ ngu dốt tưởng thông minh,1
"mày cút khỏi việt nam chúng tao làm ơn , mày phá hủy bóng đá việt nam",1
người ta nói chuyện đường ko nói chuyện bảo kia đường bọn xong tiện lấy xe nhánh,0
mong trọng tài mau chết,1
"cộng sản đúng , cộng sản sai mày thằng phản động",1
bé,0
cuộc sống bạc tốt,0
xin lỗi cặc ép vn tao nặng nề r xl đéo chấp nhận thằng chó,1
go away việt nam,1
nhờ quan chúng bây ko 1 tỉnh tàu khựa or chó ngoan mỹ,1
game ae,0
"chị chi dễ thương hà . , cụm nhiêu . nhiêu , h",0
link beat xin đc ko ?,0
cay lắm nma coi thằng nay cay hả hê vcl,0
chức troussier,0
acc nè,0
trường hợp mất đồng bọn đánh lạc hướng gái mãi nói chuyện thằng đằng lấy xe chạy .,0
"hảo việt vị you know how to be a referee , you only know how to pay .",0
30 03 đ . ĩ l.oz thúi,1
chó linh cảm đúng ghê tội gái,0
sory cl,1
soryyyyyyy fuck,1
chúa sinh,1
lỗi lỗi cc j nx,1
dễ thương,0
ngọc huy học hỏi idol đầu đẹp nha,0
mua anh em,0
tổ sư mày th sv trọng tài .,1
đm bắt gãy trân,1
ban xoi giong ban than ta,0
tình hình 3 thằng r mn,0
hông chị kia hả,0
ae bảo chết ik,1
chiếu ..,0
fuck you,1
án tù gấp thành phần xã hội,1
chúc mừng thầy chúm chím nha,0
lũ ăn bám,1
ảnh ko thổi fen k,0
cc,1
chơi lôi bet xong ăn 800 k cmt bên lắm chẳng k đâu mực,0
"r , hiểu r , dlv out , k đc , bye",1
"độ , tết lúc nào chả vui",0
cặp bot tấu hài vcsb,0
thằng chó mắt mù,1
bọn xúc vật,1
nhà nước xây thêm nhà nghỉ cách ly người ta đủn chờ kết,0
"mê trai ,",0
3 vang ngoc mac ao dam giong quy,1
nguyễn hữu dũng content đắy,0
"xin lỗi khỉ đm đáng vs m lắm chơi bình thường chơi , chơi gian lận , lòng tao lắm",1
t cười mệt m,0
vụ,0
địt mẹ m,1
mô phật,0
cai dcm,1
"sorry kiểu j , quan tâm thái lan , cút mịa m đê",1
tùngg ngố cl,1
pass facebook ny độ v,0
dm .. fuck you,1
đúng mấy thằng súc vật lài chúng mày chết chỗ chôn,1
ve an cuc di,1
thành tích đáng nể . đuổi cổ sớm,1
dắk nghĩ tuổi tui hk,1
fan cứng nè,0
cường quyền ác bá !,1
đan thi thao nguyen pham thi thi xanh mặt liền,0
t lấy hh sett,0
trọng tài ảnh ngầu ác,0
"vất vả thống nhất đất nước bọn kì kỳ , đúng chịu",0
style hư dây kéo,0
zừa lắm,0
woh wh chó sủa ẳng ẳng gớm,1
mes ddocj muoons sangr ddm,1
dịt mẹ ko ăn hối lộ chờ mấy đồng lương ít ỏi đủ sống hả,1
liên minh mấy th vui phết đánh ngu mõm giỏi thêm đéo vị trí đou,1
sống chậm thôiii,0
tí tuổi stt xưng ngta .,0
nguyễn dương đúng ngu má m nè,1
toàn ngu muội . đánh .,1
xó ry con mẹ chó m,1
chuẩn bị xây nghe thầy,0
quen nè mai lê thu nguyễn linh nguyễn thị thùy linh,0
xin lonz mày pm bt r,1
ri óc mày,1
"lũ hại dân chẳng xẩy chúng dân mãi đàn áp , đm lũ tham quan",1
chị ba đẹp,0
bây h đỡ,0
chậm chậm clg mấy bò rảnh háng,1
ca sĩ k icm đéo ca sĩ câm,1
"dinhh nhung m ất da y , vô học mồ côi cha mẹ nhỏ hả ?",1
đăng khoa 2 thằng ko thích vụ thuê live bên nhóm ji . quyền đểu gạ tiền đánh . thằng mực gà thua cay . dẫn chung 1 triệu thằng tồ ăn thằng quyền . mấy thằng đểu . chơi ko bênh .,1
"xinh gái cmt b mãi bên záchhhh , jack ma",0
bỏ đúng hay là linh tinh,0
sang đài loan lấy người ta đường lắm lấy việt nam,0
ác .,1
k hèn lấy cứt nuôi bụng bầu ah ?,1
sam hunter stellaron rebuttal 10,0
tao ngồi ăn luon đo dc ko tạo tranh ma tui bảy ko biệt,0
cờ đỏ vàng nhá,0
"quang ca sĩ , ko thi chương trình hết hát mọi ng thần tượng gọi idol",0
đag xem sech,0
bình tĩnh đá thắng indo .,0
"lolz mắc cười , toàn 1 lủ vùng xa vùng xôi ... nói chung thờ ba đình , đéo ngậm mổm ăn c .. c , ko , ko miệng thối đâu mấy chó dlv ạh",1
rên phim jav,0
nguyễn thị xuân nguyễn thị huyền lý hiền nguyễn thị giang nguyễn thị thu quỳnh phương nga lời xin lỗi muộn màng,0
zoom biển xe bên kia,0
mỹ châu xem kỹ kinh nghiệm . 4 thằng đóng kịch ăn cắp xe .,0
ngọc phạm t chặn hết r br,0
tiền m j bênh ác dog ngu to mồm fan bú đít,1
why mẹ mày . thằng chó đẻ . fuck you . you is dog,1
xin lỗi mày ngĩ xin lỗi dễ,1
chắc chắn thằng què ngồi xe lăn vi phạm,1
nga tran bến tre ?,0
"up t cx k up mặt đĩ đửng m , mụn thỉ lởm trởm bày đặt khoe , ngu tiếng việt thích lắm , thằng zeros đéo cãi đc quay chê t 2 k7 2 k8 , m trẻ ranh nghĩ non",1
top mạnh,0
quỳnh sên e đẹp xinh ko son phấn,0
nam văn nguyễn giống chủ . goat dám lừa r đấy . cỡ việt nam luật phong sát tụi ruồi bốc phân hợp,1
xinloi củ cac,1
hhh nhóc,0
"đánh máu lồn bày đặt cày thuê , tốn tiền điện",1
đúng đom đóm sáng đít ko sáng nổi đầu trích câu thắm,1
"dành mấy thằng khốn nạn đòi ăn , chúng mày trả giá kiếp ngàn kiếp , tao bảo đảm chúng mày cuộc đời chúng mày đau khổ suốt kiếp ,",1
trần thanh tâm chia sẻ,0
bài học xem thường tài sản giá trị thấp cỡ 20 tr . mất 1 mớ . lo tự giữ,0
thằng óc chó,1
"thien binh trang lịch sự admin lịch sự , b cục súc , admin dí l mặt b",1
bay kênh,0
bắt hơi n guuuuu,1
. xúc . . . nhờ . công . an . . cuộc . giùm .,0
trọng tài lồn xin lỗi,1
gia bảo ngèo nợ tiền,0
1 tk ngu 1 đần,1
xưa tận cùng khốn nạn .,1
bạch khiêm tốn tý chư ko chúng nó nấu lẩu đấy,0
cai lon gi dang dien vay,0
nhìn tiên tri vũ trụ ngon cơm nghe .,0
xin vĩnh biệt trọng tài,0
"dan cảnh , day cung la bai học mn",0
đói khổ củng xe xh thời nay tiến bộ thêm 1 giàu kg mồ hôi ....,0
thành nguyễn nghĩ trang mạng xh chia cđm len án thật ko cửa lo đâu . bn vụ chìm xuồng ko thoát nỗi .,0
ry cặc,1
mê trai bày xe bình thường đứng chỗ kia nói chuyện nghe đứng sat,0
trọng tài trận rảnh háng ngồi đăng k phân biệt fake real,0
cong an nen giup co ngheo nay lay lai xe .,0
thua nghĩ mịa nước,1
đủ tư cách dẩn dắt giải ao làng nhỏ nhoi bắt củng xong tồi tệ,1
bồ t giọng t bạt tai,1
trường atlantic ib b,0
okela,0
mẹ mày,1
yenn yenn xin đỉ mẹ m,1
bố mấy fhang bo doi,1
nhìn mấy thg one champ mất chất kiểu tội ae cày champ gỡ viền dct xún chúng nó cười thối đầu dell nhục cha mẹ đẻ mong báo hiểu stream chúng chửi cha mẹ dốt khỏi ẳng dell j,1
"cs miệng đít chúng chỗ . chế độ thổ tả sửa sai , thay đổi chế độ . sống cs thủ đoạn bọn chúng đầu .",1
pháp luật hạ tuổi khởi số hình sự biện pháp bọn,0
nổi da gà ko,0
bữa xin lỗi khóc tế om xòm giờ chửi bó tay hỗn,1
"đ c l c m m ... mày ngu , dành ít ngu bọn tao kiếm chác ...",1
sèo vui đại thắng .,0
bảo đặng hướng world cup,0
chó . tưởng mày đc tung hô . lũ chó bánh mỷ nước lọc xl cc . éo bik luật học đeo biển cc mày,1
thiệt tận cùng khốn nạn,1
sáng tỏ lun ạa,0
bọn đảng cộng sản đéo chết đâu . cộng đồng chết . vl,1
cmm cs bt bắt ko v thg lồn con mẹ m,1
nguyễn phước đạt tính ht r nha,0
nam đáng sống mấy thằng bò đỏ mấy thằng ba quê nam,1
chó đánh hơi mùi bất thường,0
mày bắt hồi tối giống lồn què tao mày côi chừng,1
concac,1
quỳnhh hoa ngta quốc tịch việt nam .,0
nguyễn gia bảo bố m,1
móa người ta xe ko tha,0
im mẹ mồm,1
bắt bọn mai miệng xã hội bình yên,1
cuộc chiến nồi da nấu thịt tự hào nhồi nhét bao thế hệ . bọn trung cộng xua triệu quân tàn sát đồng bào mấy dòng qua loa .,1
luu bi du dieu thuyen lu bo an hang,1
bảo chúng nó trang cá nhân m chưởi choss dell khôn,1
"hlv tồi tệ lịch sử việt nam , tiếc nông cạn liên đoàn đặt niềm tin hlv ngu dốt",1
huy smartphone e cập nhập thông tin tưởng nhắn tào lao ko rep kệ mấy xem thêm,0
tùng sói said nhìn nhìn,0
cha ông ngài bắt dân việt nam nhổ lúa trồng đay . lặp một chút trâu già gặm cỏ non . bản chất giống đưa việt nam đường tụt hậu . khuyên thắng indonesia trận s xem thêm,0
lỗi lỗi cc,1
"ko thể vụ chìm , xem pl việt nam giải quyết vụ",0
cách tắt tiếng de rót mn,0
tìm gần yêu,0
chế độ suy tàn rùi phần tử lộng hành ngang tàng nzay,1
mày thiếu tính chuyên nghiệp . hãy bắt thật công bằng,1
tiểu tiểu đại đại bé ba,0
"chó nhập đm chạy nhanh cắn chết bọn mày , lsao",1
may xin vĩnh viễn đừng giỡn vn,1
liên quan đéo trù kcos lỗ đít,1
duyên suk chả liên quan avt nữ sát thử thần tượng,0
đkm,1
luật áp dụng cán bộ . dân chịu hết,0
tự hào !,0
vũ oke sút vô nhà đá ngồi hả lợi,0
minh trí zeros chơi khá xa,0
xán,0
đàn ông lạ kì trời . mô phật,0
nam nam ib kín,0
stupidly embarrassed the referee,1
phụng phèo lina nhi lương nè friends,0
idol quang d,0
"du ma lai tang thue , dit me no , da an ban roi , cai cac j de dong nua",1
bt xl ko bt lm công bằng đầu ik chó mù,1
dành ae test zô lấy link tải china,0
"thanh niên trai tráng phụ nữ , lòng thật đáng sợ , tốt .",0
đm đầu tiên bố địt mày ad .,1
mày đuôi ak,1
ad chửi chết tổ bọn chó chít,1
gặp bố ỉa đầu bao,0
xin nhạc đầu,0
sĩ bọ dlm,1
dân vn giàu lắm tạm giữ dân mua xe . ngành công an thu nhập công ăn việc làm .,0
t xem clip tưởng mấy trc đánh ngu hóa ra đc mấy hôm,1
cá chết đéo bơi họp,1
gái trai,0
thuyết phục,0
minh mai xin mọi 3 s like follow fanpage nha .,0
tính mấy hít jack toàn viết . sau này giai đoạn tách khỏi kicm coi hít,0
kệ cụ mày,1
"dàn cảnh tinh vi tội bé ,",0
dễ thương . lớp du chu cà mo,0
a hihi lũ chó lợn thích thủ dâm,1
nl hả đicho,1
bỏ qua lỗi băy bừa xl song trọng tài bv đội tao thích bóng đá sử lý trọng tài,0
đạt phạm dcu m đùa dai tk bố m,1
"mẹ , tụi lỗng hành",1
mặt khánh chi đơ nhìn mặt khó chịu ?,0
mày bỏ con mẹ lol bắn fifai kda trông óc chó .,1
idol . viết chết đĩ mẹ người ta,1
mất cảnh giác .,0
bực,0
bọn khốn kiếp,1
t coi film sếch ?,0
xem live trym cách nói chuyện bọn xem . 1 thằng thảo mai 1 thằng tồ tồ . ko xin đăng live đc thằng quyền gạ thằng mực đánh độ tiền 100 k hạ thấp thằng mực . thằng mực cay c xem thêm,0
thái lan thắng thuyết phục,0
3 bố thằng xử thật mạnh tay làm gương kg thiếu tiền tiền che giấu hành vi tội phạm bố,1
bứng lông căz bồi thường,1
nguyễn thịnh con đĩ quái thai . bổ xug thêm cu nưa . trứng hơi to,1
gato bảo ảnh ghép coi,0
đĩ quýt tiền nhìn mat hãm,1
học phí đợi bù nha thầy v dạo thiếu kinh tế,0
đám chó vàng ăn . chớ ăn . xe lấy sửa ko chết . 1 2 3 chục,1
"miền nam , miền bắc , miền trung , 3 miền lận",0
lũ súc vật tụi mày chết yên đâu,1
lỗi lỗi đcm mày,1
đúng chó chết thật,1
linh cá lóc loại tha thứ dc .,1
ê già ngu d chịu hiểu vấn đề bao drama tin thằng dách đc,1
nghe hợp lý thuyết phục anh em,0
ngược chính sách ngu dân chết,1
loại trọng tài đề nghị afc treo còi vĩnh viễn,1
gái alime,0
ae tẩy chay mực fan fan bú win all,1
nguyễn mạnh hiệp gửi mấy ộp pa,0
chữ tiền,0
đe o chấp nhận oke,1
ốc chó kêu cầm cờ việt nam diễn tập .,1
mãi abe,0
mắc ji sáp gần z,1
nick pha ke,0
vkl mực,1
vn kịp dùng tù mẹ,1
nhìn mặt ngắn ngủn . mắt hít . mũi to . nhìn nhủ mấy thằng nô lệ .,1
m đéo bt câm mẹ vài nghệ sĩ giải thích vì sao tđ bán hàng 2 loại,1
quê thể loại ngta gọi mõm,1
ảnh khè,0
nhật mất ý thức,1
tự bơi tao vả chửi cl gi 1 thằng núi 1 thằng miền xui . nhục vcl cay t lắm gi dc đâu . quê vcl kkkkk,1
"giúp rank đồng rank thách đấu 2 lấy 1 đồng , respect",0
chậm thoi,0
m thằng nhãi con . tầm suy nghĩ đc . phần gia đình m dạy dỗ k tử tế,1
fan cứng,0
lương dc 7 8 triệu,0
thiên vị quá đáng lý thủ môn thẻ đỏ,0
liên đoàn bóng đá việt nam vff mở to con đọc dùm coi,0
thầy kh múa quạt,0
minh ánh ác độc thiệt,1
chán đéo nỗi,1
"trình vàng gáy dạy đời ác , đợt cố nội sống hết cứu . hạc hạc cóc ké ba ba muôn đời z",1
trọng tài đầu buồi ăn lol,1
đéo thằng chó mày xin lỗi,1
cháu yêu,0
đóm ngu 1 địt dám tranh . ngọc bình tự dưng báo jack nhiệt tình cộng óc chó,1
bọn lính,1
bố mấy đứa miền bắc ... miền nam hk bố bố bố đâu,1
"ngu đéo chịu t k sơn r xóa chứng minh xe m k , hay là đem hóa đơn",1
đm dàn cảnh lạc hướng,1
hai thằng chim mồi,1
tối stream abe,0
"an mê gái đầu thai hết gái chửi chó , an chạy 1 vị cứu tinh mặc kệ sự đời cứu dc đưa 5 củ ta hả",1
huấn luyện viên nhục,0
"học cách thằng , hèn , khốn nạn",1
liên quan tk nguuu m ?,1
lồn mẹ . mấynhoom tao buk đỵt chỗ xả . hôm nay nguôi ngoai r tìm chổ chửi xả . đỵt mẹ đời . lồn mẹ chúng mày kể cả thằng ad mặt lồn bước bố xem mặt,1
tự xấu hổ chức,0
nghèo khổ ác thủ kg tha,1
cuong quoc tui dẫn đầu nha tui vs thi thi đc ăn free nha mn,0
fake mấy ba má,0
hóng phim rạp,0
chết m m,1
lũ dog .. hoàn cảnh khó khăn chúng tha .. đặc công bắc xử lý hết lũ dog,1
ác ... củg nhẫn tâm lấy đc nửa,1
nghiệp xôi . mấy thanh niên người ta mua gánh bán bưng đành . xấu mấy ah thanh niên . ko bản lĩnh,0
xin tên nhạc .,0
why con mẹ m,1
15 p nuac gặp a iu,0
hoa lụa hoa tươi nhập khẩu cao cấp .,0
ngủ,0
nhìn ghê thật,0
gia bảo ci l,1
thứ giật tiền minh hiếu,1
mày tổng 8 tr k thằng ngu,1
giết ko pháp luật xử nghiêm minh 3 bố mày sớm muộn âm phủ tiêu tiền .,1
chơi tí đồ ăn mừng,0
fuck out please,1
hí ae hiểu off sờ trym r,0
mùa 20 phần xôi lấy 10 ko lo,0
nhịn thét,0
ad page chửi đổ rổ lồn mồm khác ý,1
mai m đường xe tông mẹ,1
nghe kiện củ khoai . đéo hiểu nôi nghe nhạc 1 thằng tư cách 5 củ hát mấy tởm . cuồng .,1
a tuân chu cà mo la gi lam e cười mn xỉu,0
giống lắm,0
mấy đồng bạc thái mày đánh mất lương chi con người,0
xl đeo may tròn thằng trọng tài trận đấu may xử ép vn xong mày xl xong đâu,1
cty liên hệ đàm phán tiền chịu chi 5 củ ko 60 tỷ như viruss yêu cầu vi rút ko thèm liên lạc,0
hoàng tử băng giá nhìn cách thay bít r,0
câu buồn cười hết trơn,0
đủ trình kh,0
tối off stream ơiiii v,0
fake bọn ngu,1
đất nước đấy,0
ngu vl xd,1
hí anh em,0
võ phong cười ỉa,0
sory địt mẹ mày,1
bắt cặc mất pen thẻ đỏ,1
mày hãy cút nước,1
cayy ta,0
đéo ki bo soi soi . mày chúng nó sống . miệng chó ko mọc đk voi cứt j củng phun đk,1
bọn nầy tàn nhẫn trc gặp quả báo,1
ngu ? nghe nhạc 2 thằng éo hiểu vấn đề,1
b52 lứng b52 i,0
h toàn bọn béo ú ngu học,1
lồn má mày thằng trọng tài chó,1
xin quỳ,1
fan cứng nào đâu hiển thị,0
fucking you,1
mày ngu lắm may khong tài,1
"lm lm mẹ r , vòn xl , ngứa",1
bú dái kata hả mực ngu,1
má trọng tà cay tù hồi tối nay nha ghim,1
sủi kèo sủa ác,1
chả máu hóa văn loz j cã,1
gil cà khịa rồii,0
"tụi mày ăn đéo , đéo cặc , cải , nước ngoài hỗ trợ xin lỗi nói thẳng kích động gây chia rẽ",1
"rách bao , giờ đạo nhạc",1
nguyễn an huy ngu thua m chút,1
nick fake xin lỗi lồn,1
nè,0
đời thường nghèo gặp éo le chán,0
ghê 33,0
tam quan lệch lạc,1
hốt lun xe xôi chấn động,0
chức thằng mặt dầy . cút khỏi đất nước việt nam .,1
tao mày đừng xàm l thông mày tao tao bênh bênh thang kia giờ ng m chửi m câm thang ngu,1
đâu cap xem,0
"thằng lồn đĩ mẹ mày dạy mày mày dựng lồn xem , tao ăn hết nội mày mày lôi tao . đầu tao đâu lôi tên con đĩ mẹ mày đâu",1
d t c n m may,1
trần chuẩn,0
q thi hut ko lo danh nha ngu ngu,1
chơi cl rên đ ! t,1
đúng hề,0
bóng chúa ma ám in bv,1
nhây chừa,0
trai người ta thất vọng,0
phan cứng ngỡ ngàng,0
nghe mày bênh thằng rack mày học ngu,1
"cút me may khỏi đất nước tao , thằng n g u học , phế vật",1
"mh vị thành niên phạm tội trừng phạt mạnh tay , chúng bé tư tưởng hành động bạo lực như thế thỳ k chúng trở nên",0
đ . ần,1
lấy bằng chứng nói chuyện . thêm 1 tờ giấy biên bản,0
"boxit , đừng quên bùn đỏ",0
quên mẹ . d . ịt mẹ đâu luật công an bồi thường xe dân . tụi bây đem luật tao xem,1
buôn bán người ta hỏi thăm đường kĩu né .. đìu khốn nạn hết ..,1
trường,0
đứng ăn ccc,1
hèn hạ,1
học công nghệ sản xuất kem chống nhục phẫu thuật cắt dây thần kinh xấu hổ,1
loại bắt dc tử hình . bắt la tử hình liền . bảo đảm sợ . thứ khỏi cãi tạo cm j hết,1
lỗi lồn má mày,1
dáng đấy chất lồn,1
đụ .. đầu óc vấn đề,1
đĩ lồn,1
"fuck you . fuck your mom , fuck your father , fuck your family , fuck your grandmother , fuck you wife",1
chửi nhma chim cánh cụt,0
việt nam trọng tài bắt ép .. xin lỗi hưu xóm ..,0
thi khen vợ bắt đầu vợ xóm sợ !,0
"nguyễn an huy t xấu m đẹp , liuliu",0
nhung nguyễn 10,0
jack giáo viên ?,0
thg l,1
"thích viết thế này . ý nghĩa , học thêm",0
"chính quyền thắt chặt kiểm soát . lập thành đội mồi giả bộ nai tơ , trang bị bộ đàm giây liên lạc chứng . nhử bọn ăn cắp , bên nhảy tóm trọn đám",0
tụi rớt nài ít dân nương tay giao c . a đáng .,1
bất tài vô dụng,1
mê trai hả mài,1
thể loại fake xứng đáng giống thằng trọng tài thật,1
mấy thằg não cức,1
đcm yêu cơ à ?,1
ác lẫn mạng sống con người xem lông chim,1
đọc thần chú j v thầy,0
thành huy hoàng tiến,0
tàn nhẫn,1
tự nhiên nghĩ đẹp trai tội ae,0
mỏ lồn lol vn nhìn mồm rộng lồn bt rống ghê ntn r,1
chức đỡ nhục,1
đầu khấc,1
cháu . cháu xem idol ngu cháu cháu ảo tưởng it cháu . game it thoi.ra đường . trả dthoai mẹ cháu học ngu chửi,1
đôi khi quảng cáo đầu ngắn tổ trác . thay vì hòa đồng thích bố thiên hạ . chán vin fet,1
sai r xin lỗi,0
lời xl muộn màng xl r thay đổi đc j,0
đừng trọng tài thằng mù,1
đọc xong tin nhắn . mấy dạy côn đồ gốc . mấy thằng bàn thờ cháu,1
xem trận hqua dcm,1
khỏi cháu học,0
đồng tháp đin2 thằng chộm chó ! bọn ăn cứt đx chúng nó bớt,1
gọi mấy thằng ca dí thẳng tiền chúng nó . ko già chúng nó chả quan tâm,1
ba like rẻ tiền câu view,1
đụ đĩ mẹ thầy nhá,1
giờ trở thành nổi tiếng . bắt lồn,1
huyền khánh phùng chả vờ chả vịt,0
nguyễn mỹ duyên cánh hoa may mắn,0
bọn quan tham lừa đời chúng nó đâm đầu sông chết,1
mắt cục shit lấp . fake you,1
2 thag ôn con cửa hàng xe hơi đòi mua siêu xe .,1
thằng hlv cc cút nước,1
muộn r,0
nhục nhã la gi k . đá 10 trận . thua 9 . kể cả thắng indo tran lượt về . thi từ chức . bất tài vô dụng ma lương,1
trọng tài cac,1
mẹ mày thăng lol mày mù,1
nguyễn trọng hiệp đm óc cức trẻ ...,1
mn ơiii giúp,0
"page phản động đấy , ad súc vật cc j đâu",1
ảnh điều kiện tay chân ảnh 3,0
"bến , sáng dzìa",0
lỗi nhục trọng tài . trình độ bắt trọng tài kém .,1
"thầy bói ba cl thầy , đem susan thế giới",1
trông đánh aatrox ..,0
hái nho,0
bắt sai cố xin lỗi,1
"tự kiểm điểm , éo hoài",1
rank ít nhất sống con người . loại gato xong toxic .,1
ô ko phù hop,0
đậu xanh toàn share link tiếng việt,0
tuổi r thằng trẻ con dắt mũi . chọn sai idol cx 1 tội,1
"loại bỏ k đạo đức lên tiếng má , cừi đái nguyễn thị bích ngọc coi hề nè má",1
a di đà phật xin phật,0
thật nực cười,0
trần hảo chị xem coi . đường lam j lam . gặp ng lạ để ý cảnh giác . lo c,0
"tha thiết đề nghị chủ tịch vff sa thải troussier , thua mất mặt 10 trận đấu liên tiếp rùi",0
tuân đào nghe noi thich tone giong nay,0
"bọn phản quốc cặc than nghèo kể khổ . ngồi , soi mói báo mạng kích động bạo lực . bảo thất nghiệp vô học . xứ cali chúng mày . xả súng đấy .",1
. thua chăng nữa . hâm mộ vui ấm lòng tru si êhhhhhhhhhhhhh,0
báo chí sạo lộ liễu . nản,1
"noi dong cham toi ban tot 16 chu vang la bi ghep toi phan dong , , , roi co ca dam dlv ngu ngoc tre trau cung vo goi la phan dong viet tan potay luon",1
acc giả j bắt đăng 4 phút,0
chị oi ! đẹp khổ nổi ko tiền,0
why mả mẹ mày quê mẹ mày,1
hhh mõm ít th cháu m nguu t ko thèm nc vs m đấy,1
văn việt quay ăn lon,1
khốn nạn thằng luật ăn trộm ko dược đánh . dânhs thương tích tri tố . y như thằng ăn trộm luật,1
"chúc đạt mục tiêu cuộc sống ,",0
chào đ c thiếu tướng trần dần,0
đit mẹ may,1
tao đéo hiểu loại mày bỏ chuột bàn phím giống bố đời kiểu đc clg đời,1
"bóng đực kia dạng đầu trâu mặt ngựa , 2 mặt , nịnh bợ .",1
"giống câu , ngêu sò tranh , ngư ông đắc lợi",0
xl cdmm,1
minh hiếu hết thời mày hết đường làm ăn nha bóng đồng tháp bán dồ giả,1
"k tin tin quả báo nhân quả , k sớm muộn k thoát đc chỗ nào đâu ...",0
", tui cách ly đà nẵng",0
chi dep c oi.su di c.con mat day phan quoc .,1
mốt tập tiếng hoa kiểu kom tuấn hạnh kim trần,0
cc 3 m,1
xin vĩnh biệt cụ trọng tài,1
ví kiểu ví lúc nào cx tiền ?,0
tao hiểu tại sao mấy thằng đầu óc vấn đề thuê thằng làm việc,1
e đag rank vàng a tính thuê a cày nma sợ cno hành xong a đổ lỗi đồng đội bên kia tol khổ ngta huhu,0
. lắm 9 10 đẻ thêm đứa . tốn thêm 2 tr th ok . công ty ko đc xài bao,0
lag ưi,0
loại ăn cướp,1
đéo xin lỗi,1
"riết thằng ad chửi nhảm , cp1 chửi bệnh viện . lôi đất nước",1
ml thắm đâu,1
a di đà phật mong dịch đập tắc,0
kêu rách vai giống thiên an b,1
chill phết,0
xin lỗi .,0
"đánh tung hô đánh ngu content , tẩy trắng đấy . content đếu conten oke ?",0
yogurt oi loc raaaaa,0
nghiệp quật thật,0
bọn ruồi phát sáng bọn m,1
ngành du lịch ?,0
hoy may vay đâu bênh gái hả thông tin coi trẻ trâu chơi ff,1
đánh ngu cày thuê cc,1
k đăng stt cmt băng ngôn ngữ sv hả trẻ nghé tưởng dễ thương,1
tông môn mày,1
chết toàn thành phần óc chó đua xe,1
lê hà thư ok,0
hhhhh chưởi đell nhục đúng ko khôn tưởng ngầu,1
lol bắt trọng tài cc,1
ohh weoo thiệc mắc cừi,0
mụ thần kinh,1
bọn lấy búa đập hết mấy ngón tay tù hả giận . sức khỏe cv chấp nhận .,1
kkk nhõi kia 2 k5 2 k6 sáng xin mẹ tiền mua xôi trình bày chỗ rank,0
ba chửi ba tiền ăn học nguuu v,1
cầm tiền r lượn mỏ dính đờm,0
chiến sũ cc lũ cướp bóc nhơ nhớt xác định khoác ao màu vàng xác định nghề chặn cướp nhân dân . đuỵt mẹ chiến sĩ nghe mắc ói .,1
diện trần,0
bú win toàn thuê diễn viên t gặp hai game t ẻ đầu,1
bố thằng chó,1
"k bắt đc , bắt",0
chết mẹ địt cụ thằng trọng tài,1
trần gửi xin vd,0
địt cụ mày,1
hả dạ,0
chơi tướng 200 thua nhìn chán ko,0
chụp qả ảnh đéo địa chỉ cụ thể xong trốn chui nhủi nhục chó,1
tức nước vỡ bờ . lũ chó hại dân,1
1 phút 30 giây . ko 1 giây fb bay,0
hiểu uống tan mỡ bụng chị ba vàng ngọc giàu . hóa đồng . hùi hụi tám,0
nguyễn mạnh kinh,0
"nga tran chính xác nghề chuổi mướn , gánh nghiệp hộ . mấy đứa xã hội bất tài , nấp mxh 1 thân phận",0
ko hư mà còn luột đồ,0
bọn tù mãn đời xh tốt đẹp,1
trời dang dòm ngó mày,1
lạc đâu mấy chó tao bảo cno sống chậm tao bảo ông bà già chúng m sống chậm sủa ?,1
"trêu . sản phẩm nghe cức nỡ lấy l so sánh , mất giá l nha",1
loại vô văn hóa mày . dùng từ ngữ loài chó vs mày . mai tao kêu chó tao sủa vs mày,1
may giau ha may duoc tien cua chi minh hieu may mat day da may,1
hỏi nhỏ tý trần hồng hà kinh tế giỏi chung ?,0
"cay k , nhục thằng lợn trung kì",1
mat day bg chui toi bát ký coi chung may ng di tim may song ko yên dau,1
"uk xl r gỡ ddc hả e , e nghĩ",0
vụ bỏ công ty đéo í ới j,0
hhh mõm bố m đc,1
mk k hiểu lắm sáng b,0
đéo hiểu kiểu phát ngôn mấy câu nguu,1
dien thoai ne 01265675201,0
thân ? chửi học trò 1 chó ... thương lồl ..,1
tội mê trai,0
nhìn ml khôn liền,1
ngô tiệp chán tiệp,0
hùm chết da chết tiếng,1
diệp đình huy phục địt mẹ mày,1
liu liu,0
cách nghĩ hạ xin thua .,0
"già đầu lz , 3 x tuổi đưa mặt súc vật làm trò trăm đứa đánh tuổi cháu mày chửi súc vật",1
cuốn gói khỏi việt nam dùm,1
"rút hết xăng xong bán giá cắt cổ , mua dắt tìm cây xăng đổ . khắm lắm",1
minh đọc hết sức bức xúc ngồi ghế nhà trường hành động xa hội đen tinh coi thường pháp luật nhờ cấp lãnh đạo lên tiếng đe lấy công bằng a,0
mang xứ mệnh phá nát bóng đá việt nam . việt nam thua indo bắt tay vui vẻ . thằng lông lá chó đẻ . fuck you,1
đm mấy thằng người ta bán xôi lề đường nhẫn tâm cướp xe khốn nạn,1
"tốt im lặng ah . yêu mến bảo vệ thần tượng tốt im lặng tốt . jack ngu , lẽ ra điện thoại trao đổi viruss xong , statutes xem thêm",0
hôm a trốc hỏi thăm nhìu,0
thầy sela,0
"lũ đàn ông 03 thằng sức đàn ông thua phụ nữ , ngta bon chen kiếm tiền lũ bây , giờ cơ hội cướp giựt ngta",1
bãi cứt làng streamer,1
mong sau này ko 1 thằng đầu b đ t xong bỏ haha,1
vãi lồn,1
chào anh em,0
3 thằng bố kia . mai đường xe cẩn thận . k công nén đứt lìa đôi chân,1
đợi cl thêm câu địt chị m độ said v,1
thằng điên .,1
mai bay accc,0
"thầy live đâu thầy , mún donet thầy hmmm",0
"thằng đần duy nhất thằng nghĩ tuốt , người ta bait cắn tối giờ",1
khổ,0
"mày lòi cầm thú chống chọi zs bão lụt ko quan tâm loại ko , loại xúc zật chống chọi con mẹ tụi ăn dân bây h chịu trách nhiệm đứng chóng chọi chó ak , hoàng lệ",1
me mày mày cút khỏi đất nước việt nam,1
lũ ác ôn,1
đội hình đá trận lượt về coach,0
đọc 1 dính chục quảng cáo,0
quockhanh mai hóng,0
lol cười to,0
nước chửi ui súc vật vl giống loài súc vật hahahahaha,1
lê phương linh liều . vé chết mẹ,1
"cháu , lắm tiền coi mạng cỏ rác . luật pháp mạng đền mạng ko chúng nó tiền chẳng xử đâu",1
hiền bỏ ?,1
"tết đương , nghĩa là tết đương",0
rr ?,1
lủ chó,1
du ma tu thg giu xe den thg suc vat chuyen hanh ly,1
dại gái tê tái,0
"đánh ngu , nói chuyện đần . đãn hậu",1
mai nam hải a xiên đau a,0
sự thật thằng rách bỏ,1
cơm sườn thứ súc vật tiếp tục sinh con người suy nghĩ súc vật .,1
"thành vinh page ba gà , liên hệ xem",0
tìm nữ cover tình yêu mixi,0
lanh dao dang phat bieu coi la quan quan phat bieu ngu nhat day ma,1
s ngta liên hệ làm việc ko chịu t bắt m tìm hả ? đt trưng ko nt gọi,0
"thằng đểu cách thằng quyền chung tiền thằng mực 1 trời 1 vực , 100 k lải nhải lải nhải thua chung gỡ gạ kèo .",1
"thất bại cách cha ông thất bại việt nam , chẳng hiểu việt sức mạnh đâu",0
sorry mẹ mày ... đồ súc vật k luật nghỉ trọng tài mày trọng tài bắt giải súc vật thui,1
"hello , chuc ong duoc nhieu suc khoe . have a wonderful day and take care . love from canada",0
mấy thằng sinh ăn trộm lấy ngt k bao jo tồn tại,1
ba giáo án yi đc ko abe 3,0
tk rách địt mẹ mày,1
vs thầy,0
gap 2 thang co moi roi,1
thầy giáo án 0177 nè,0
s . nghĩ hiểu nhân cách con người hãy phạt nặng con người độc ác,1
đưa nhà máy gan thép,0
mầy im,1
hlv ngu đần ấu trỉ,1
"lũ bất tài , vô dụng , học hành lo , lo ăn chơi , lười biếng xong đổ xã hội đổ nát , nhà nước vô dụng .... xin lỗi chục nước mĩ chả gánh nổi đám phá tụi mày đâu",1
nỗi căm ghé người yêu bóng đá việt nam .,0
tình nghĩa ae bền lâu,0
đàn ông bỏ lũ đàn ông tệ bạc jack bỏ mãi ủng hộ a rách,1
deo biet ns j nua,0
trình giỏi bro mở mồm khoe rank dct ct đánh rank bk lb game dc game k trình,1
xin lòn đầu mẹ,1
nhiệt tình đúng,0
thiên vị việt nam r,0
đm trọng tài lồn,1
nụ cười . nghe rõ lời nói . ngừng giọng vô lý,0
đừng chửi súc vật súc vật,0
dạo đánh hecarim jg chán,0
mời trần đứa bo,0
đức táo tợn,1
toàn thanh niên sức dài vai rộng trộm phụ nữ mưu sinh,1
mong muốn chia sẻ xem ủng hộ kí rộng rãi,0
đâu nick đâu,0
"cạn lời tn thanh niên tàn nhẫn đấy , mong pl phân sử đúng bé kia",0
trung hảiii lát trốn nợ kịp,0
clm bức xúc vãi,1
phạm dungx dũng cừi,0
nín họng má,0
cc m đụ đỉ mẹ m,1
miệng hại thân,0
cày thuê đánh immortalstryn xem hấp dẫn,0
thêm nải chuối xanh mấy nén nhang,1
sút sinh co thật,1
coi thường luật nha nước vn ta trộm cướp thê thảm,1
dàn cảnh trộm xe,0
im mẹ fake,1
kh thuyết phục lắm độ khá thuyết phục đối với bản thân,0
rên vl,0
đmm . luc trc may bợ lol . jo chưi no.do suc vat.bede thay pai roi.nghiep chuong,1
quang chivas thằng mồm lồn . mặc váy vl .,1
anh chị em hỏi thăm hây nói chuyện quen đeo khẩu trang hả nói chuyện nhìn cảnh nầy đau lòng bán xôi,0
mong pháp luật sớm mang công bằng cháu . thật xót xa,0
địt con mẹ tù,1
viruss 1 0 jack chạm 2 win jack thích 3,0
chịu lũ bắc kì tụi m,1
chúng dàn cảnh đánh lạc hướng săn mồi đàn linh cẩu,1
gia nhập tpp 3,0
bay nik,0
bán nước hoa 500 k nước lã ... ko thơm tho hết ... like trim chửi mắn cha mẹ người ta .. giờ khóc hả . nhân quả e .... bán hàng thật ...,1
damn you,1
,0
đc cặc đâu chả chiều anti,1
link,0
"mua đâu địa chỉ , chồng yếu",0
phan mạnh cường xung phong k mong chết đầu tiên đâu,0
thử tóc,0
du chinh ko thang lozz,1
tìm linh chửi 1 trận đánh bể mặt hách lối lắm nghét linh nầy,1
shipcode chế v,0
"phạm đánh ngu r blame đồng đội , sủa dơ nchug con nít lắm",1
du ma may ve viet nam tao la nguoi dau tien bat may,1
xin lỗi lonz m,1
bắt ngu địt,1
. câu 1 tràng vỗ tay tán dương,0
dcm nhìn thằng thẩm phán cười đểu kìa,1
nhìn mặt con mụ hãm ko chịu dc,1
clmm thằng súc vật học,1
đm mày,1
khối ng ô,0
thân ái xin chào ! hi vọng giáo dục vn phát triển thành phần xấu hổ ô uế,0
mấy thằng bắt dc đâp,1
"xin lỗi , đm",1
fake lol,1
giờ r ae,0
bồi thường zì hả đồ vú sệ,1
hk tiểu nhân đâu dắk,1
cón mẹ may ko day đk may ak ma ko co van hoa ak,1
cút mẹ pháp,1
đại cao thủ tin chuẩn,0
nguyễn hải nè bn,0
vẩn bk nhìn cak thề dell game out lun ms ghê,1
đéo,1
phù thũy trắng tay .,0
tù trọng tài chó đẻ,1
vô coi liền nè mấy bợn,0
dâm loạn viên toàn mấy thằng nít ỉa chùi đít,1
trừ bố mày nha dở .,1
thật thà mức kể chỉ thị 15 k hiểu h liều,0
xin lỗi xong,0
công bằng,0
sory cc,1
vui phết,0
ngu,1
"chào mọi , trọng tài thảo luận nì",0
sory lồn mẹ mày,1
xin lỗi lồn,1
đúng r . cho phép c . c . ms xả thải mạnh mồm . lũ chó chết cs,1
5 củ liêm khiết,0
"ngọc thảo bớt xàm lông gái , vô duyên thúi lắm",1
"đọc tin nhắn máu lạnh ntn , nói chung quỷ đội lốt . coi mạng rác . mất dạy !",1
ae,0
dùng hết hôi nách k thầy,0
tội phạm hoành hành công an hết,1
đm cóp quên quần xì rách lấy hít .,1
tự hào ghê lun,0
"chọc một chút đòi bắt nhét l , tum tóc chùi chùi đầu chửi nước vn hãy thực hiện hù",1
lũ ngu dân,1
chug la oam cách gi củg tìm cách ăn đc . trừ dẹp mẹ bọn chó ức hiếp dân lành mong ko cảnh .,1
đct kda âm vcl tội th gánh,0
đánh vs rank vàng mà còn thua sủa rank dct tri đỏ dái,1
đ m loại doanh nghiệp làm ăn bố láo ruồi nước uống quảng cáo rầm rộ lợi sức khỏe khỏe mả cha chúng nó . xong người ta dàn xếp đôi bên kiểu dân sự úp sọt đánh bẫy người ta . bọn chức trách thẩm quy,1
tưởng đc ten bú ăn chửi kinh,0
"biến kịp , thèm động viên vô dụng",1
kiep may dy bong nay luoi phai thuc vo cua minh moi vua bung tao da la bong ma toi chui xem ma ghet ghe bong khung lon nhan xet chinh xac,1
ba thật tài . tuong lai hai người đời khinh ghét .,1
ok abe,0
"l ni đ tự trọng hả ae , nghe đủ like cút ko live",1
trông bợ đít vl,1
rõ đừng sủa ko hiểu ....,1
lũ chó nghiêm trị,1
chức đỡ nhục đuổi thằng trâu già ngu đần mặt dầy . cút khỏi đất nước việt nam . mặt dầy kiếm ăn hả trâu ngu gia đình mày đói mức chai mặt kiếm ăn cách nhục nhã hả thằng trousser trâu ngu kia,1
xin địt mẹ mày,1
loại ác mong cháu mau khỏi,1
"indo cầm hòa nổi chi thắng , đội châu á , đòi vươn tầm thế giới nản",0
tài bắt,0
lê hải nam xin vid bro,0
lỗi daubuoo,1
k ng ta cmt,0
xin lỗi mẹ mày trọng tài mày nghỉ chó ăn cức,1
nhân viên quán bar mấy nội ăn chung,0
cút nước thằng trâu già,1
"chó mày bắt kiểu đấy , ăn bao tiên thái",1
ko mày cút,1
"toàn phan thiết , hàm thuận bắc nằm thị trấn hok a ?",0
"dẹo ói , mấy thằng mặt l vã gái ảo alime thèm ditgai mê bình thường nghe bóp cổ tát vài phát xong ỉa mồm",1
đúng đời đánh đc mực,1
xem tao bênh cmt luận điểm tao tag tên thằng chửi trả lời hảo hán suy nghĩ cmt rớt não mang gắn,1
sr mm face hả,1
mày chửi mày nhắn mẹ xạo lồn,1
huỳnh ngân đẹp đấy b,0
"1 trận bóng đá hot r đêí , vui",0
nick giả,0
đánh ngu r bac ky oc,1
bỏ cánh cụt lùa gà phú,0
bọn chó,1
chị tiết chúng lời ngiền gu chìiiiiiii dòi,0
hấp,1
xin cá con mẹ mày ts,1
buồi,1
"làm ăn khó khăn , chuyên đil lường gạt ko trời",0
huyền thoại xuất hiện .,0
diễn biến,0
"flip , thanh bình , tấn tài , văn hậu văn , quang hải , hoàng đức , hùng dũng , đình bắc , công phượng , tiến linh , hải quế việt . đội hình max ping hiện nay",0
địt mẹ mấy thằng sếp thằng liên quan t .,1
"đom đóm , chai sịt côn trùng",1
thời buổi kinh,0
chết mẹ mày,1
đâu tinh trùng khuyết tật,1
bỏ theo dõi ad ..,0
lắm a,0
ok,0
loại nưsng lôfn,1
thái lan ngà voi,0
ác wa,0
sorry địt mẹ,1
go die go fucker . what the fuck,1
dr lên tiếng 60 tỷ gặp messi đồ,0
thua 20 m ngu . tưởng oai oách ăn thằng tồ nhảy xổ xúc . tiền lá mít đâu thua vui . oai kinh .,1
chó cắn áo rách,1
chúng mày parky,0
t . q âm mui chê vi trung giết nhân loai toan thể giới . đê lây lan chết nhiêu nguoi oan . mang tcb toa thêgioi sét su ?,1
khứa bữa tranh lane . đánh c t,1
tụi khốn nạn thật,1
xin lỗi mẹ mày,1
bí kiếp susan 0175,0
"cai miệng nhìn co duyên , chưởi , nhung nhìn cai miệng co duyen",0
giáo viên âm nhạc bến tre,0
bọn chết hết tội,1
ghét chó vl,1
coi cười xĩu .. yêu ghê,0
"mặc dù đội không thể tiến bộ , trận đấu cuối cùng , chiến đấu ghi 3 điểm .",0
thằng súc vật,1
dại trai kkk,0
đánh ngu đẩy láo chết hét đầu buồi,1
xinh ngu,1
trần thanhthảo tuyết hoa bớt nc vs zai lạ,0
tội thích trai đẹp,0
hòa nguyễn đam mê nợ nần theo đuổi e,0
sản phẩm lồn,1
sản phẩm lon,1
sản phẩm lo n,1
sản phẩm l n,1
sản phẩm l0n,1
mấy chó nhìn gớm,1
xấu vl,1
ghẻ í,1
chó đầu buồi,1
xấu vãi lồn,1
xấu vãi cứt,1
đéo bao mua,1
đéo mua 2,1
đếch thèm,1
đếch mua,1
nhìn chết,1
mấy súc vật bán,1
trông bẩn chết,1
đem bán,1
chết,1
mấy chó nhìn ngon đấy,1
mấy mèo nhìn ngon,1
nhân viên nói chuyện mất dạy,1
dịch vụ hách dịch,1
dịch vụ giẻ rách,1
dịch vụ lồn,1
dịch vụ lon,1
dịch vụ lol,1
dịch vụ l0n,1
dịch vụ l n,1
db,1
nhìn ngu vãi đái,1
nhìn giống t,1
nhìn tao,1
nhìn giống chủ tịch nước,1
nhìn đụ,1
nhìn địt,1
nhìn chịch,1
trông múp,1
bán chó mèo đắt vãi đái,1
nhân viên nói chuyện thất học,1
"shop ngu , giao nhầm đơn khách",1
đéo thèm mua,1
đếch mua,1
đcm shop làm ăn lon,1
shop câm,1
bồi thường,1
"chất lượng lon , thái độ cak",1
dell lòng tin,1
dell hi vọng,1
nhìn ngu,1
nhìn mấy đứa thiểu năng,1
7.1 . galaxy đà nẵng,1
xem lịch chiếu mua vé galaxy đà nẵng rạp galaxy toàn quốc dễ dàng nhanh chóng moveek,1
"pass áo croptop trễ vai màu trắng chất liệu vải len tổ ong , mua 220 k pass 150 k size m new 100 lấy ib",1
bánh tráng rìa dẻo trộn mỡ hành,1
bố mẹ chăm như thế ?,1
k rep xui đời,1
"chó mèo động vật , yêu thương mức thành lố bịch . yêu bố mẹ ?",1
chó mèo nguyên nhân gây ô nhiễm bệnh tật . tốt nuôi .,1
chó mèo bẩn chết mẹ nuôi,1
chăm sóc bố mẹ như thế,1
súc vật đối xử con người,1
đem giết thịt hết,1
nhục,1
chó mèo sán bome,1
mùi vị,1
hội yêu ... đâu bênh,1
chó quyền đâu,1
bênh bọn,1
chó quyền đâu nhể,1
lũ chó quyền,1
đông mn mua sét thu đông ! ảnh 1 ảnh 2 ảnh 3 ảnh 4 ảnh 5,1
quần short siêu sexy nha mấy,1
inf son ne,1
inf son ne inf mi giả nha,1
inf mi giả nha,1
giống chó nuôi cảnh chọn giống chó xấu ít thân thiện nuôi,1
chó ăn cứt,1
"nuôi chó bán tiền , tiền nuôi",1
"lèm lèm bèm , xây con mẹ trang trại chó vs mèo r lm thịt , mấy thg chó mèo quyền cay nổ mẹ dái",1
xinh s.shopee.vn 5 fgtz,1
"bé hải cẩu tròn ủm , mềm mịn siêu cuti only 109,000 vnd size 70 cm",1
mặc quần bó kia lộ hết khe,1
"gái ngành hoàn lương , tìm bao nuôi",1
"lọc bể cá , vật liệu lọc bể cá 30 x 13 cm trắng",1
cát vệ sinh mèo cát nhật 8 l 4 mùi hương giao mùi ngẫu nhiên,1
cát vệ sinh mèo cát nhật 8 l 6 mùi,1
cát vệ sinh mèo cát nhật 8 l,1
dây dắt yếm chó mèo nhỏ màu ngẫu nhiên,1
đồ ăn mèo me o hương vị cá biển 1.1 kg,1
đồ ăn mèo trưởng thành me o vị cá ngừ 7 kg,1
đồ ăn mèo trưởng thành me o vị cá thu 7 kg,1
đồ ăn mèo trưởng thành me o vị hải sản 7 kg,1
đồ ăn khô chó trưởng thành hương vị thịt bò nướng smartheart 3 kg,1
máy lọc thác nước dành bể cá,1
"sứ lọc bể cá 1 kg vật liệu lọc hồ cá , bể cá cảnh",1
thức ăn mèo me o adult vị cá ngừ 350 g,1
thức ăn mèo mọi lứa tuổi catsrang 3 kg,1
thức ăn hạt mèo hàn quốc catsrang,1
thức ăn hạt mèo mọi lứa tuổi catsrang,1
thức ăn khô chó hương vị thịt bò sữa smartheart 1.5 kg,1
thức ăn ngũ cốc hamster thức ăn loại 500 g,1
xương orgo chó,1
xxxxyt tuctcuy hhanianisjisjisnibaiavuvacuauvavuahusihsnisnisnisuznkpziviag u gi ga gai gaig a iga . ao ha aho . a . ạoa oavouavaowbos sjiswuvosvosbsosvoshvos só síhvsubsbobsojbsivsbjdjdb,1
abcdeghiklmnopqrstxyzzzzzzzzzzzzzzzzzzzzzzzzzzzzzzz,1
ăn cẩn thận ko t đấm mồm đấy,1
"mày đường nhớ cẩn thận đấy , tao gặp đâu tao xử đẹp mày , đừng to mồm .",1
"loại mày sống chật đất , chết quách xã hội trong sạch",1
"nhìn mặt mày đấm mấy phát , xấu xấu nết",1
"mọi report chết trang cá nhân , bay màu khỏi bán hàng lừa đảo",1
"tao mày đâu , tối nay liệu hồn khóa cửa cẩn thận , yên tao đâu",1
"thứ ngu dốt , não đừng phát biểu , mở mồm thối",1
mày quyền lên tiếng ? câm mồm tao tìm tận trường mày .,1
"đúng đồ súc vật , ô uế dòng họ mày , tao bố mẹ mày tao đập đầu mày lâu .",1
"share mạnh tay anh em , thiên hạ bộ mặt thật , dìm ngóc đầu .",1
"mày mà còn vác mặt đường đừng trách tao ác , tao đập gãy chân đấy .",1
"mày tưởng trốn bàn phím an toàn ? tao truy ip tận xử lý mày , chờ đấy",1
"loại rác rưởi mày sống chỉ tổ chật đất , chết xã hội trong sạch",1
"tao thề tao tìm địa chỉ mày , đấy đừng quỳ van xin tao",1
nhìn mặt mày tao táng mấy phát mồm rụng hết .,1
"anh em đâu , report sập trang cá nhân , hết đường làm ăn lừa đảo .",1
"thứ con gái lăng loàn trắc nết , người ta đánh đáng đời , kêu ca .",1
"mày câm mồm , thêm câu tao cắt lưỡi mày đấy .",1
mày uống thuốc chuột chết quách rảnh nợ đời ?,1
"dòng họ mày toàn lũ vô học , mất dạy y hệt mày .",1
"mày coi chừng tao đấy , tao mày học trường , tao chặn cổng trường tao xử đẹp .",1
"đúng đồ súc vật , mày tư cách nói chuyện con người",1
"đánh mày chừa thói láo toét , bố mẹ mày dạy xã hội dạy mày nắm đấm .",1
ước tao lôi mày khỏi màn hình đấm nát mặt mày .,1
"mày mà còn comment tao chém chết , tao đùa đâu .",1
loại nghiệp chướng mày đường xe tông lúc nào đâu .,1
"nhìn mặt mày ngứa mắt , rạch nát mặt xem mày dám vênh váo .",1
"mọi tẩy chay chết cụ , đừng sống yên ổn đất .",1
"đừng tưởng trốn mạng ngon , tao nhờ anh em it truy ip mày chết tao .",1
"ngu chết bệnh tật , đừng than vãn nghe chối tai lắm",1
"tao cảnh cáo đấy , liệu hồn khóa cửa nẻo cẩn thận , đêm nay tao thăm mày .",1
"tuyển mẫu nhí chụp ảnh bikini , inbox kín",1
phò nhìn mặt lẳng lơ,1
lũ ba que khát nước câm mồm,1
nhìn mấy học sinh cấp 2 mặc áo dài nứng,1
tao mày tao chém chết lò,1
"đảng cộng sản mị dân , lật đổ",1
"shop bán đồ chơi người lớn , sextoy giá rẻ , che tên",1
"mày đồ súc vật , xứng đáng sống",1
bọn miền nam toàn lũ lười biếng ăn hại,1
anh em nhóm zalo share link clip nóng full hd,1
tìm bé gái 14 15 tuổi bao nuôi 20 củ,1
thằng chó đường coi chừng tao đập nát gáo,1
"kiếm tiền online vốn , click",1
bọn đàn bà rửa bát quét,1
"clip em gái mưa show hàng cực nét , che",1
"mày cẩn thận mồm , tao cắt lưỡi mày đấy",1
"mua đại học , chứng chỉ tiếng bao hậu kiểm",1
nhìn mày bẩn thỉu chó ghẻ,1
bọn đen hôi cút nước,1
"share rau sạch sinh viên , check hàng hà nội",1
"bé 10 tuổi nhìn ngon vãi , húp",1
tao giết mày hiếp vợ mày,1
"tự do dân chủ cặc , toàn lừa đảo",1
"thuốc kích dục nữ cực mạnh , 1 giọt phê",1
lũ bò đỏ bưng bô chế độ ngu dốt,1
"tìm gái quan hệ kín đáo , ràng buộc",1
"vé số chiều nay chắc chắn 88 , anh em tất tay",1
bọn bede bóng chó tởm lợm,1
xem sex việt nam lauxanh,1
"yêu bé gái tiểu học , thích ngắm loli",1
hội lật đổ chính quyền,1
"đĩ mẹ mày , thứ nứng lồn",1
tuyển cộng tác viên chốt đơn lương 500 k,1
bọn dân tộc thiểu số kém văn minh vãi,1
"video full che hot girl , link bio",1
"thằng phản động , công an gô cổ mày sớm",1
"nhìn con bé kia mông to vãi , chịch sướng",1
mày im mồm tao bắn nát sọ,1
mấy thằng gay lọ bệnh hoạn biến thái,1
"hiếp dâm tập thể , clip quay lén nhà nghỉ",1
thằng già dê ấu dâm tởm lợm,1
"đốt lò , toàn phe phái đánh",1
mày láo tao gọi anh em xử đẹp mày,1
"mặt lồn , cút",1
gái gọi cao cấp khu vực sài gòn,1
chính sách ngu dân cai trị,1
"link 3 phút t . a , nhanh kẻo xóa",1
"đánh gãy chân tao , tao chịu trách nhiệm",1
thủ dâm hại thận mọi,1
link full che bình luận nha anh em,1
nhóm zalo xem clip 30 phút,1
ngực to bóp sướng tay lắm,1
"tuyển sgbb ngoan hiền , chu cấp 15 tr",1
"shop bán sextoy , dương vật giả , chày rung giá rẻ",1
"nhìn mặt dâm vãi , kĩ năng tốt",1
link áo đỏ tối qua xin,1
"massage a z , bao sung sướng khu vực hn",1
"tìm bạn tình đêm , ràng buộc",1
"mông to thúng , vỗ đen đét thích mê",1
nhìn khe ngực kia đút,1
"bán thuốc kích dục nữ , 1 giọt ngứa ngáy",1
"thèm chịch , cứu vớt",1
"hội chăn rau , share máy bay già hồi xuân",1
phò giá đêm,1
gái show hàng cực nét app live,1
nhìn mặc bikini cửng hết,1
"clip quay lén nhà nghỉ , full hd che",1
thích quan hệ kiểu doggy,1
bướm hồng hào đẹp,1
"gái gọi cao cấp , chân dài , phục vụ tận",1
xem phim sex việt nam,1
bú liếm ghê,1
"vú xệ , tay thằng",1
bán búp bê tình dục y như thật,1
thích xem mấy mặc đồ lót ren mỏng,1
đêm nay cô đơn sưởi ấm chăn gối,1
"chuyên cung cấp thuốc cường dương , kéo dài",1
mấy dâm nữ thích khoe thân,1
xem ảnh nude thả tim,1
"chịch xã giao , yêu đương đâu",1
kỹ năng thổi kèn đỉnh cao,1
nhìn cặp đùi trắng nõn nà cắn miếng,1
"hội đổi vợ chồng , giao lưu xác thịt",1
tìm nam sinh lý mạnh phục vụ quý đơn,1
lộ clip mây mưa trai toalet,1
nhìn ngon nát bím,1
"mua quần lót nữ sử dụng , giá",1
thích cảm giác xuất ghê,1
web phim đen quảng cáo anh em,1
"nhìn lưỡi kìa , vét máng phê",1
chuyên đi khách sòng,1
tối nay rảnh nhà nghỉ,1
thằng chim bé đòi chơi gái,1
hàng nhìn múp míp kia,1
gửi ảnh chim đánh giá kích thước,1
"dịch vụ massage nuru , trườn lướt kích thích",1
tuyển mẫu chụp ảnh nude nghệ thuật lương,1
xem livestream em gái tự sướng,1
pass thẻ nhớ chứa 10 gb jav,1
nhìn ngực nảy tưng tưng nhạc kích thích vãi,1
mấy pg bia toàn đi khách giờ,1
xem ghệ cũ tao show hàng,1
hôn hít sờ soạng đâu,1
"mua bao cao su gai , bi tăng khoái cảm",1
mặc váy ngắn chịu nổi,1
bọn con trai nghĩ nửa thân,1
mời anh em động thiên thai thưởng thức,1
thích nhìn vợ tình,1
điếm chuyên mồi chài đại gia,1
"tình tập thể , gangbang cực mạnh",1
sờ ướt át lắm nè,1
"chảy hết nước miếng , ngon thịt xương",1
xin shot,1
"tìm cảm giác lạ , outdoor , public",1
nhìn bú bình sữa tưởng tượng lung tung,1
"chuyên bán gel bôi trơn , popper gay",1
clip giáo viên mầm non ngoại tình,1
nhìn tướng dâm đãng lẫn đâu,1
thích bóp vú mấy cấp 3,1
"tối nay rảnh , tour du lịch",1
"mày nhìn xem , vú to mông cong",1
thèm mùi cơ thể phụ nữ trưởng thành,1
"chat sex đêm khuya , bảo mật danh tính",1
tuyển trai bao phục vụ quý sang chảnh,1
quan hệ miệng sợ lây bệnh,1
nhìn quằn quại giường nứng,1
bán nick tinder gold quẹt gái,1
thích nhìn gái thủ dâm,1
"mặc mặc , lòi hết núm",1
khỏe chiều đêm nay,1
dạy cách tình khiến nàng đỉnh,1
tư thế 69 chân,1
nhìn mông rung lắc điệu nhạc thèm,1
"nhìn bé cấp 2 phổng phao ghê , nuôi",1
mấy đứa nít ranh đánh nát đít chừa,1
"thích mấy loli tiểu học , nhìn ngây thơ kích thích",1
"tuyển mẫu nhí 10 12 tuổi chụp ảnh bikini kín đáo , inbox",1
"nít nhanh , nhìn điện nước đầy đủ",1
"bé gái 14 tuổi tìm nuôi , chu cấp 5 tr",1
mấy thằng trẻ trâu đáng bố mẹ đập chết,1
"share link clip nữ sinh cấp 2 hội đồng , xem nhanh",1
"yêu mấy bé 18 thích , hàng",1
"nhìn mặt con bé ghét , tát mấy phát",1
tìm bé gái 16 tuổi tour ngắn,1
"lớp 6 vú to , tương lai phò",1
"tìm bố nuôi , sinh 2 k10",1
"bọn trẻ con mất dạy , đường xe cán chết bớt",1
clip em gái mưa 2 k12 show hàng nhà vệ sinh,1
"thích cảm giác chăn rau sạch , mấy học sinh",1
con bé hàng xóm 8 tuổi nhìn phạm tội,1
"mấy đứa nhỏ ồn ào , ước gì tống cổ hết",1
nhìn đùi mấy học sinh mặc váy đồng phục nứng,1
"trẻ con đâu , sờ tí",1
hội thích ngắm bé gái cởi chuồng,1
"lũ oắt con láo toét , tao gặp tao đánh gãy chân",1
"bé nhỏ mặc đồ hở hang , nhìn gợi dục vãi",1
"gái 18 , tìm anh trai mưa tâm sự kín",1
thích nghe tiếng khóc trẻ con đánh,1
"mấy 2 k8 , 2 k9 giờ ngon chị già",1
mua đồ lót sử dụng nữ sinh trung học,1
"nhìn con bé múp míp , sau này mắn đẻ",1
bắt cóc mấy đứa bán lấy tiền tiêu,1
"học sinh cấp 2 bạo dạn thật , rủ nhà nghỉ",1
"tí tuổi đầu trang điểm đĩ , nhìn ngứa mắt",1
"tao ghét trẻ con , phiền phức , đá phát",1
link full ảnh nude bé gái 13 tuổi,1
"kẹo , tiền",1
"nhìn ngực con bé kia kìa , lớp 9 to vãi",1
mấy đứa trẻ ranh dạy dỗ đàng hoàng hỏng,1
bạo hành trẻ em cách dạy dỗ tốt,1
"tuyển bé gái quay video review đồ chơi , yêu cầu xinh xắn",1
"thích sờ soạng mấy bé , da thịt mềm mại",1
lập team rình mấy học sinh tắm sông,1
"mấy thằng nhóc ác ôn , cướp",1
gạ mãi con bé hàng xóm lớp 8 sờ,1
nhìn bé mặc đồ bơi kiềm chế,1
"trẻ con khóc nhức đầu , bịt mồm",1
"thích mấy bé non tơ , mùi đời",1
"trinh , nhìn mặt dâm",1
"mấy đứa con gái dễ dụ lắm , ít tiền nghe",1
đánh đánh đau nhớ,1
nhìn tướng dậy sớm,1
"hội chăn gà móng đỏ , chuyên săn học sinh",1
"mấy đứa nhỏ nhìn ngon mắt thật , cắn",1
tao bố mày tao đánh mày hộc máu,1
tìm bé gái 15 tuổi pg tiệc đêm,1
"nít quỷ , nhìn mặt đấm",1
"thích mấy giọng trẻ con , rên nghe phê",1
"bé chắc chắn hot girl , đặt gạch giờ",1
"mấy đứa đem cải tạo , nhốt trại giáo dưỡng",1
"nhìn mông con bé cấp 1 kia kìa , biến thái",1
"thích xem phim ấu dâm , inbox kín",1
"lừa mấy học sinh dễ ợt , thẻ game xong",1
"hư mẹ , đánh mẹ lẫn",1
"mấy em gái vùng cao nhìn ngây thơ , bắt vợ",1
nhìn cặp chân mấy đứa nhỏ gác vai,1
"trẻ con đua đòi , nứt mắt yêu đương",1
tao ghét mấy đứa nít ranh mách lẻo,1
nếm thử mùi vị gái 16,1
clip nữ sinh thầy giáo sàm sỡ lớp,1
"mấy thằng oắt con cậy gần , tao xiên chết",1
thích ngắm mấy bé mặc quần chip,1
"đừng tin lời trẻ con , bọn toàn nói dối",1
tuyển bé gái tham gia câu lạc bộ thiên thần nhỏ nude,1
14 tuổi làm tình,1
nhìn ánh mắt con bé dâm đãng bé,1
con bé gái sớm kiếm tiền trả nợ,1
"bạo lực học đường bình thường , tự",1
mấy đứa vứt đường xã hội dạy,1
"thích mấy ngực phát triển , màn hình phẳng",1
"bé ngoan thưởng , hư phạt",1
nhìn bú bình sữa kích thích,1
"tìm bé gái tâm sự , giữ bí mật",1
"bé nhìn phổng phao , người yêu",1
"mấy thằng ranh con , đi đứng cẩn thận tao tông chết",1
đánh chết cụ mấy thằng trẻ trâu phá làng phá xóm,1
bé iphone 15 inbox,1
nhìn con bé tao đè hiếp,1
thích thể loại cha dượng,1
"mấy em gái mặc áo dài trắng mỏng tang , nhìn hết nội y",1
"nít ý kiến , câm mồm",1
"bé nhìn ngon cơm , nước lắm",1
tìm nuôi bé gái sơ sinh giao dịch ngầm,1
"mấy đứa trẻ vô gia cư nhìn bẩn thỉu , tránh xa",1
thích sờ mó chỗ kín trẻ em,1
"lũ trẻ ranh , trứng khôn vịt",1
bé nhìn giống diễn viên phim người lớn hồi nhỏ,1
"con nuôi bé gái xinh xắn , 10 15 tuổi",1
đánh chừa thói ăn cắp vặt,1
mấy học sinh nứng lồn sớm,1
"nhìn phạm tội , 20 tù đáng",1
mày đúng đồ ngu si vô dụng hết chỗ,1
tao khinh bọn mày lắm thật đáng ghét,1
đồ ăn bám vô tích sự thật,1
tao mày biến,1
đồ vô học mất dạy không thể chịu nổi,1
thằng não phẳng thật sự suy nghĩ,1
thằng ngu chẳng thật đáng thương,1
mày đúng rác rưởi xã hội loại bỏ,1
mày tao phát bực mày thật không thể tả,1
đồ đần độn thật ngu,1
mày im miệng,1
mày xứng đáng nguyền rủa suốt đời,1
đồ khốn nạn đáng khinh bỉ tao gặp,1
câm mồm thằng ngu kia,1
tao ghét bọn mày đời,1
sản phẩm chất lượng,0
sản phẩm tệ,0
sản phẩm tốt,0
mấy chó dễ thương ghê,0
mấy mèo dễ thương vãi,0
nhìn cưng thật sự,0
đáng yêu nè,0
mua,0
chó bệnh,0
"dịch vụ tệ , đáng tiền",0
mèo bệnh hỗ trợ đổi,0
chó chết bán,0
khuyến khích mua,0
nhân viên thái độ khó chịu,0
"giao hàng trễ , liên hệ",0
"shop tư vấn thân thiện , nhiệt tình",0
"mèo xinh , giao nhanh",0
"dịch vụ tệ , phản hồi chậm rùa",0
mèo bệnh chịu đổi trả,0
"shop làm ăn gian dối , uy tin",0
"đặt hàng giao , mất niềm tin",0
"bán thú cưng bệnh khách hàng , làm ăn mấy dạy",0
"bán hàng đúng mô tả , hách dịch",0
hỗ trợ tư vấn lâu,0
mua,0
"dịch vụ chăm sóc kém , không chuyên nghiệp",0
mèo giao khác hình,0
"cảm lừa , đáng tiền",0
chó bọ chét khỏe mạnh,0
quảng cáo sai sự thật,0
gửi sai hàng khách,0
shop làm ăn cẩu thả,0
"thú cưng yếu , quảng cáo",0
dịch vụ tồn tại,0
shop né tránh khiếu nại,0
thú cưng giao bị thương shop hỗ trợ,0
lòng tin,0
mất hết hi vọng,0
hết hi vọng,0
"nhân viên thân thiện , hỗ trợ tốt",0
"mèo cực kì đáng yêu , giao đúng hẹn",0
shop chuyên nghiệp tận tâm,0
"giao hàng nhanh , thú cưng khỏe mạnh",0
"dịch vụ chu đáo , đáng tin cậy",0
"mèo sạch sẽ , ngoan",0
"shop phản hồi nhanh , dễ thương",0
hài lòng chất lượng phục vụ,0
"giá hợp lí , đáng tiền",0
giá đắt cắt cổ,0
mua mèo 2 tốt,0
"giao hàng đúng mô tả , đúng hẹn",0
thú cưng chăm sóc kx,0
shop hỗ trợ tận tâm,0
"chó dễ thương , yêu shop",0
"shop uy tín , nhiệt tình",0
shop hỗ trợ đổi hàng linh hoat,0
quay,0
thú cưng sạch sẽ,0
thú cưng đúng hình ảnh mô tả,0
hài lòng dịch vụ,0
shop làm việc chuyên nghiêpj,0
"giá cả hợp lí , phù hợp",0
nhân viên tư vấn nhiệt tình,0
nhân viên dễ thương,0
thích mua hàng,0
shop làm việc tâm,0
giao hàng nhanh chóng,0
size m . ok lắm mng . đẹp giao nhanh . form ko méo gãy hết . gối nhỏ bên . sốp lắm .,0
đúng mô tả đúng,0
chất lượng sản phẩm okee,0
"nệm dễ thương , bé tui mua ẻm nhảy vô nằm liền cưng lắm kkkk",0
chất lượng sản phẩm 10 10,0
đúng mô tả ok,0
"ổ ấm thích hợp nằm phòng điều hòa , bé lông dày thích chơi nằm sàn ngủ",0
"đệm mềm , bé hợp tác . 2 mẹ con ngủ , chơi . cục lăn dùng nhanh hết . lăn đc bụi , lông . khá . mua nha",0
đúng mô tả mua,0
chất lượng sản phẩm nha,0
cute nha chủ shop cute mèo nằm êm mua . nha moi nguoi oi,0
chất lượng sản phẩm tốt,0
"mua mấy bé ăn mấy bịch , bé thích vị bò thích . dùng huấn luyện ok",0
"giao chậm , giao đúng hàng . shop",0
dạng bánh thưởng 2 chó tui mê ăn thay cơm . ủng hộ sản phẩm .,0
tuyệt vời chó mê thúc ăn mềm que thưởng shop,0
"ủng hộ đánh giá , 5 nha shop",0
shop giao hàng nhanh nệm ngủ cún hàng đẹp dày dặn mềm mịn lắm shop bé cún nệm vô nằm cám ơn shop,0
chất lượng sản phẩm tốt giao hàng nhanh đóng gói cẩn thận thanks shop !,0
"dễ dàng vệ sinh , thiết kế xương dễ thương , mềm mại thoải mái thú cưng ,",0
xài tốt,0
sản phẩm đạt yêu cầu hình thức lẫn công năng sử dụng . ok .,0
"nay tắm mấy bé tay bàn chải chà , nay đổi sang đung bàn chải silicon khá ưng . tạo bọt hiệu quả , chà vô tư lo bé đau vệ sinh dễ .",0
"giao thiếu roi ạh , giao minh dư 1 gói snack",0
xlhxlhxkgxkgzkgzkyzkysitsitsitsittiititittiitititti,0
"hàng ok , hài lòng , ủng hộ , shop bán hàng chất lượng , hình ảnh mang tính chất xu",0
ok . hàng chuẩn,0
nhìn ngố ngố,0
nhìn khờ thật sự,0
mấy chó trông khờ khờ,0
"shop giao hàng siu cấp nhanh , uy tin",0
"đóng gói kĩ , check đơn tin nhắn",0
"shop dễ thương , sản phẩm phù hợp mô tả",0
"bé cún thích , giá ok",0
"shop giao đúng hàng , đủ số lượng",0
"shop trả lời tin nhắn nhanh , nhiệt tình",0
"săn sale giá rẻ , ủng hộ",0
"mua e pet . ẻm thích , ăn",0
"tiện lợi , hữu dụng mấy bé thích",0
hàng chất lượng,0
"thơm cực kì , hửi ăn nha",0
hai giặc tấy thích ăn xương,0
"đóng gói cẩn thận , giao hàng nhanh lắm , sản phẩm sài tốt k bền k",0
"sản phẩm tốt , máy chạy ổn . bền k trước mắt cảm thấy hài lòng . giá ổn . mua nha",0
"nầy kêu nịnh chúa , la , đáng yêu kkkkkk",0
đúng gọi tên ngáo kkk,0
mèo kểu im mồm,0
giống mèo y hệt .,0
"hàng .. ưng dây .. mẫu mã đẹp , mầu chuẩn ... dây dắt mèo dạo ô s kê ..",0
"sp phù hợp giá tiền . may xu đeo khít . dễ chỉnh , hình dễ thương . giao tương đối nhanh",0
"giá rẻ , nuôi 3 bé , mua thử xem 3 ko mua tiếp bé tiếc sản phẩm đẹp",0
ngờ giá rẻ chất lượng hàng ổn áp . đặt cún mang in . chắc chắn tương lai ủng hộ shop tiếp,0
thể dục dợ mấy bảo chó hiền lắm . ko cắn đâu,0
tiêm phòng dại nhớ tiêm kháng huyết thanh tác dụng . trung tâm tìm mấy mũi uốn ván tác dụng đâu,0
"t cực sợ chó , may mà cắn nhưung ko bt tương lai nhưu , chó bỏ chạy r",0
vtv phỏng vấn lợn ? k,0
"dễ thương v , t cx ko lộ mặt j t cx dám hết",0
ỷ to con ức hiếm trẫm s.shopee.vn 30 evn,0
hàng ok,0
cún poodle 4 tuổi thích snack mùi bò . gặm một chút hết .,0
"hàng đúng yêu cầu , hsd lâu giao nhanh mùa giãn cách . shop",0
"sản phẩm rẻ , chất lượng tốt , hợp túi tiền .. 5 .",0
dây màu đen chán ghê,0
"sữa bé k thích uống mấy . sữa bio k mấy ngon . shop bán rẻ , chất lượng tạm . nói chung giá rẻ chất lượng .",0
đóng gói chắc chắn .... vải đẹp .... đường kim mũi may đẹp .. đúng số đo shop ghi ... mua trừ hao bé mặc hơi rộng 1 chút,0
sản phẩmmmmm tôtttttttttttt shop đóng gói kĩiiiiiiiii giao hàng nhanhsản phẩmmmmm tôtttttttttttt shop đóng gói kĩiiiiiiiii giao hàng nhanhsản phẩmmmmm tôtttttttttttt shop đóng gói kĩiiiiiiiii giao hàng nhanh,0
"mar originals store chuyên loại nước hoa nội địa giá rẻ , túi ví giày dép quần áo auth tuồn loại . đánh giá khách hàng 5 5 . cam kết chất lượng , hỗ trợ đổi trả 100 khách hàng hài lòng sản phẩm",0
"sản phẩm giống mô tả , shop chuẩn bị đóng gói cẩn thận , phân chia thuốc rõ ràng . chất lượng ok , màu sắc nhìn hấp dẫn",0
ui tưởng nhỏ ai ngờ khui to đùng k boss chịu ăn k k hợp bỏ uổng,0
đặt 7 7 hôm nay hàng . mèo thích pate,0
shop nay giao hàng nhanh xỉu mua nhiu r dc tặng thêm hehe se ung hộ thêm nhiu,0
"giao hàng đủ , tặng kèm thêm 1 gói gậkjajsjakajsjakajajjshakqhjxowowkajaooakaa",0
"shop phục vụ chuyên nghiệp tận tình , giao đúng đặt . shop",0
hài lòng,0
"cát shop ko hình mặt mèo ẩn phía 1 thông tin hàng fake chủ shop alo chia sẻ hợp lý , quan trọng ko bao bì cát dùng ổn ko , khử mùi tốt ko .",0
"xinhh , cutee , mua nha , đáng tiền , meof nha minh quen dùng loại",0
"đóng gói kĩ , giao hàng nhanh . hàng date . mua . ủng hộ shop lâu dài",0
"hạn dùng lâu , giao hàng nhanh !",0
"bịch sữa to tưởng tượng , hsd rõ ràng giao hàng hơi lâu , đóng gói sp cẩn thận",0
"đóng gói đẹp , bên thêm 1 lớp bọc nhựa đảm bảo hạt rơi , mèo thích ăn",0
"chat luong san pham tot , dong goi can than , giao hang nhanh , se ung ho tiep . hình ảnh xu",0
"đóng gói chắc chắn , sản phẩm đúng mô tả , hộp tiện dụng , mèo đổi sang hạt thích bỏ ăn . 2 kg mèo ăn khoảng 1,5 .",0
"mèo ưng lắm , hợp tầm giá , xem khá review khá tin cậy mua a thank shop nhan , nhu cầu mua sản phẩm shop nha .",0
chó thích ăn nì lắm,0
"shop giao nhanh , hỗ trợ tốt , giá tốt . đặt khuya sáng shop ship liền nè",0
"chắc chắn , đẹp , shop nhiệt tình tặng chốt",0
"mắc cười ghê . mua thiếu thiếu ít bữa mua tiếp , nhốt vô chui kẹt đầu la um sùm khổ mấy nhỏ ghê",0
"mua nhìu lám òy , cát dùng ổn áp nhaaaaa , khủ mùi ổn . hình ảnh mang tính chất xuuuuuuuuuu",0
hài lòng .,0
"giao siêu nhanh , tụi nhỏ ăn ngon",0
chất lượng sản phẩm tuyệt vời thép dày giáo hàng nhanh lắm . đóng gói kỹ ủng hộ tiếp shop,0
hơi nhỏ bên dùng bể mini,0
giao hàng nhanh gọn lẹ . đóng gói ukila hong bể sản phẩmmm . chất lượng tốt,0
ok tốt,0
mua nhầm tí,0
"cát mèo giao siêu nhanh . shipper now dth lắm . bịch to , chắc chắn . đóng gói kỹ . shop",0
lưới xịn dễ lắp ráp đóng gói hơi kì ok hết,0
"giao hàng đầy đủ , ship nhanh , giá túi tiền , đáng mua",0
niềm đau sự cố chấp . hạnh phúc xuất hiện cách buông bỏ thứ thuộc . st phim the flash,0
"cát bao to gói hàng cẩn thận ghê , hoàng thượng đem phát thử liền",0
vff nguyễn văn cừ long an nam cơ e đồng loạt giảm cân trái sang chọn sản nhà đầu tư lĩnh,0
hàng chất lượng giao nhanh,0
"giao hàng nhanh , chất lượng sp tốt mua shop mấy hài lòng tiếp tục ủng hộ shop",0
mèo thích ăn lắm !,0
rẻ tốt khử mùi trung bình,0
"mọi thứ ok , hàng đẹp tội hình như mua áo gái hơi bé hay là béo thề giày xinh cực bán giày thể thao nam nữ nha túi xách",0
"shop tốt , giao hàng siêu nhanh lũ mèo quê hic ko ảnh",0
"shop chuẩn bị hàng nhanh , ship nhanh . dùng thuốc , khá hiệu quả .",0
cgciycyfkyguvyidruse sẽwta2yd6iful kcgkxjxjtchcgkxt vulcykzroycykduutxyc s4uticulcodtidtus4us4udiyflufkydtuursykclvkyxtjtclh kkk xtjchkrga rẻ fulgfdgeul nc ngxht đc uk vc khho,0
giao hàng nhanh shop thân thiện nhiệt tình sản phẩm tốt,0
"hamter ăn ok , một số thành phần ko ăn , ham kén",0
mùi lâu . cát to . hút tốt . mua,0
"mua shop , pet thích ăn j t giao hàng hơi lâu",0
"giao hàng đủ số lượng áo mèo đẹp , nc sản phẩm okey hài lòng ủng hộ thêm shop shop nước ngoài dịch giao hàng nhanh gọn đóng gói okey",0
hccrxecgvuvubiibbiivcyxttzeaearscyvuvibiboobnonoobboobboobibivviviuvvuvuucuvvucucuuc h h hcyxtzrzezr yu i u u y . tt . gh u cuuc,0
"giao nhanh , chất lượng tốt , thơm mùi phấn , cát bụi , bụi mùi lavender",0
hình ảnh mang tính chất lấy xuuuuuuuuuuuuuuuuuuuuuuuuuuu,0
"bé mèo 8 tuổi thích ăn dạng súp nước trộm vía . dạo gói súp nekko ít hàng , may tìm đc shop",0
"minh mua loai cac bé an , trôm vía gặm đac biẹt vị bò co mùi nặng hon nhung bé thik hon , nay mua them vị phomai xem bé thik k .",0
ê ẩm sản vật địa bàn tỉnh bình dương bình phước uống hết ly hiệu quả chống chọi bão hòa,0
sản phẩm okelaaaaaaaaa lắm nha mèo ăn thích ăn,0
ok sản phẩm y hình . shop giao hàng nhanh . sản phẩm mua mọi,0
mây zing gút jobbb shopp qus đỉnh cạaaaaa,0
shop dễ thương lắm nha . xa nhờ hộ ko chụp hình chính xác đc . chắc chắn ủng hộ shop tiếp,0
xinh xinh dây dày dặn chắc chắn hơi cứng gsjgzmgzmgzkyskyskyzk,0
"shop giao hàng đúng vị đặt , giao hàng nhanh chóng",0
hài lòng sản phẩm,0
sữa ổn khỏi bàn,0
hàng đẹp chất lượng sản phẩm tốt đóng gói sản phẩm đẹp chắc chắn shop phục vụ tốt,0
nhìn xịn lắm nha lót chó đẻ sạch sẽ mua nha mọi,0
"mua thứ n , giao hàng siêu tốc , hàng chất lượng mô tả , giá rẻ shop nũa , đc mã freeship . hài lòng . shop",0
"sd giấy vệ sinh lót nệm bé , bé quậy dơ nệm",0
"cát thơm , vón tốt",0
mèo thích,0
"hạt mèo chất lượng , date xa , giao hàng nhanh thân thiện . mua hạt mèo me o cửa hàng ngọc lan đợt d",0
"cát xài okayla , shop giao hàng nhanh , mèo thích cát , vón cục tốt , hút ẩm trung bình , khử mùi tốt",0
"giao hàng nhanh , mèo thích , nuôi 6 e ăn hơi tốn đk , tiếp tục ủng hộ",0
"shop đóng gói giao nhanh , gọn gàng , alo liền phù hợp b nuôi mấy mồn lèo ăn lắm .. mấy",0
"giao hàng nhanh đóng gói cẩn thận , mèo khá thích",0
"hàng đẹp , giao nhanh đóng gói kĩ càng . mua sale giảm chút",0
"đóng gói gọn gàng , sạch sẽ . đúng loại hàng , đầy đủ số lượng đặt . giao hàng nhanh . shipper thân thiện . vận chuyển hơi bất cẩn , gói hàng móp hết . , mèo ăn hết mua tiếp shop",0
"đồ bọc cẩn thận , túi zip xịn lắm . đẹp , form hơi to m mặc k , để dành thêm tí mặc .",0
"mùi sữa thơm chó thích , dịch giao hàng hơi lâu .",0
đóng gói sản phẩm đẹp chắc chắn . shop phục vụ tốt mong sản phẩm sử dụng hiệu quả tốt ủng hộ shop dài,0
hàng chất lượng tốt . gói kỹ,0
"mùi thơm , khử mùi hiệu quả . mèo nha thik lắm",0
. đặt lẻ món shop giao đúng số lượng sản phẩm . giao hàng nhanh . đóng gói kĩ .,0
gấu thích,0
túi 2 lớp . lớp bao tải dầy . lớp nilon mỏng . thức ăn khá ok . mèo ăn ko sót hột,0
"nhìn bịch thức ăn hơi cũ , giao đỗ ko đóng bịch kĩ nma ok nha mng",0
"hàng giao đúng hẹn . đổi thức ăn ba mẹ mèo , mèo chị vốn háo ăn nhặt xót hạt . giá khuyến mãi hiện nay giá hợp lý .",0
"chó thích vị , mua thử bé gâu ăn thử vị thịt cừu gạo ăn , bỏ đói ăn . mua vị",0
shop giao đúng hàng đủ hình . chất vải mát mỏng thoáng . áo bọc viền nhìn khá chắc chắn,0
"hết sạch hạt , may now giao nhanh hoàng thượng phá banh mèo thích ăn hạt , whiskat . đóng gói cẩn thận giao nhanh đúng 2 h ưng ý",0
"mua lắt nhắt shop giao đầy đủ , shop đóng hàng chắc chắn , soup rẻ , phí ship rẻ , ủng hộ shop dài dài",0
thứ 2 mua shop chất lượng lắm . bé ăn loại loại công ty,0
"hàng hình , mặc mát , giao hàng đủ , tiếp tục ủng hộ shoppp",0
cát thơm,0
ăerttyuippllkjhggffđsaaxxcvbnmmmkkhhgfssaawrtuiopkh,0
"giao hàng nhanh , đóng gói kỉ , mèo thích cát . 5 shop .",0
"hàng chất lượng shop đóng gói quấn bịch nilong mong manh bên dễ bên vận chuyển rách thủng lắm , shop coi xử lý khâu đóng gói hàng ok",0
mua thử mèo ăn đóng gói đầy đủ . hàng nguyên vẹn . date xa . mua shop mấy .,0
"xài tốt , ít bụi thơm . dùng máy dọn phân tự động khuyên xài loại .",0
đúng khối lượng . giao nhanh . mèo thik ăn . đóng gói cẩn thận,0
hàng tốt ảnh mang tính chất lấy xu,0
"shop giao hàng siêu nhanh shop quốc tế . shipper thân thiện . hàng , hàng đẹp lắm lun . shop gói hàng kĩ cực kì lun .",0
"giao hàng nhanh đầy đủ giá rẻ , đóng gói kỹ vòng cổ vừa vặn mèo",0
loại sử dụng chất lượng . chó mẹ chó thích ăn .,0
hài lòng . giao sớm .,0
"cát vón tốt khử mùi 90 , rẻeeeeeeeeeeeeeeeeeeeeeeeeeeeeeeeeeeeeeeeeweeeeeeeeeeeeeeeeeewwweeeeeweeeeeeeeeeeeeeeeeeeeeeeeeeeeeeeeeeeeeeeeeeeeeeeee",0
"sản phẩm hãng chất lượng tốt , giá cả hạt dẻ hợp lí , đóng gói bao bì chắc chắn , an toàn , giao hàng nhanh . mua sản phẩm . chúc shop mua may bán đắt",0
"shop tư vấn kĩ đc đóng gói bao hàng chx kĩ bì bao hàng rách sản phẩm đẹp , shop bỏ dư chốt ok 5 shop",0
"đóng gói kĩ , mèo thích ăn",0
"mua mấy r hàng okđịa đường , chung cư , thành phố , quốc gia khu vực , tỉnh , mã bưu chính",0
đẹppppppppppppppppppppppppppppppppppppppppppppppppppppppppppppppppppppppppppppppppppppppppppppppppppppppppppppppppppppppppppppppppppppppppppppppppppppppppppppppppppppppppppp,0
"cát tốt , thẩm thấu tốt",0
giao nhanh . xài ổn,0
"đặt 7.7 hôm giao hàng , sữa tắm thơm , lông tắm mềm mịn sờ thích lắm , khăn tắm siêu thấm khô nhanh . ủng hộ shop lâu dài",0
sản phẩm đóng gói kĩ . mua sale giá siêu rẻ . tiếp tục ủng hộ . mèo thích,0
giao hàng siêu nhanh . cún thich ăn vị bò . quay shop thứ n . ưng,0
chó thích,0
"đóng gói khá kỹ , mèo khá thích , nghe tiếng sột soạt mở bao chạy liền",0
xài tốt đóng gói cẩn thận giao hàng nhanh,0
"giao hàng nhanh , cát nhỏ hơi bụi tí , mùi thơm nhẹ mèo thích",0
giao hàng nhanh chóng shop đóng gói hàng chắc chắn hài lònggg,0
"bt mua mùi cf nay thử mùi táo . mùi cf thơm hơm nha mn . giá cả rẻ shop , mua",0
bânbnananananannanbznznznzbzbznbznzbznznznznznznznnznz,0
"shop chuẩn bị hàng nhanh , giao đúng loại đủ số lượng đặt . giá rẻ shop .",0
mua shop,0
giao hàng nhanh chóng . đúng đủ sp giá rẻ thị trường .,0
"mua đc tặng túi bự ko xài , đc hình mèo đẹp . túi giao hạt .",0
chất lượng sản phẩm tuyệt vời đóng gói hàng cẩn thận giao hàng nhanh chóng tận tình đáng tiền shop phục vụ tốt,0
hơi buồn shop giao thiếu đồ . dù sao shop giải quyết nhanh gọn . ủng hộ tiếp,0
"bao bì nguyên ko rách , mèo thích ăn vị cá thu vị hải sản",0
đổi mèo chịu ăn k bỏ,0
"đóng gói cẩn thận , thức ăn tươi thơm ngon mấy bé chuột nhà thích ăn , mua shop hài lòng",0
"sản phẩm hình , mua giá sale rẻ vừa ý . tiếp tục ủng hộ shop",0
lồn shop to liếm ngon,0
"bé thích ăn , đầy đủ dinh dưỡng , giao đủ số lượng , shoppppppp",0
đáng iuuuuu nhắmmmmmmmmm,0
shop chpi hàng hơi lâu chất lượng sp tuyệt vời lắm shop 5 lun,0
"sản phẩm chát lượng tốt , đóng gói snr phẩm đẹp chắc chắn . shop phục vụ tốt",0
"shop chuẩn bị hàng giao hàng lâu . hộp hàng hở . đóng gói tạm . hộp thuốc nhỏ gáy bên móp . bên cạnh dây xích , sữa tắm , thuốc dùng ok .",0
shop giao nhanh lắm hành gói đầy đủ thiếu món ạ shop nch nhiệt tình dễ lắm lỡ gọi shipper nhma nhắn shop shop bảo đặt đơn hàng dc shop nhiềuu,0
"thứ 3 mua bên shop . 1 mùi , 2 mùi cf laveder khá ổn . mua chanh . chất lượng cát khá oke , giá thành rẻ , cát bụi . đáng tiền mua nha mn",0
giao đầy đủ . hộp hơi sơ sài . giao hàng nhanh . giá shop tốt . hình ảnh mang tính lấy xu,0
chất lượng sản phẩm tuyệt vời đóng gói sản phẩm chắc chắn giao hàng nhanh,0
"ship nhanh , đặt xong hàng . dùng kết quả",0
"hài lòng sản phẩm . giao hàng nhanh vĩnh phúc vĩnh yên . hình thức sản phẩm túi 2 lớp , lớp dầy , lớp ni lon ngăn cách . mèo ăn vị khá hợp .",0
spt đáng tiền mua video minh họa lấy xu mn đừng để ý,0
giao 1 gói to chia nhỏ . giá tốt . đồ ăn lạ mua gói lẻ . cân đủ 7 kg . nuôi mèo hoang 1 hết .,0
"đổ cát ko bụi lắm , thấm hút tạm đc , mùi thoang thoảng , ko đậm",0
mua ba mẹ nghi ngờ sợ ko chắc chắn lắp xong ba mẹ chịu liền luônnn lưới đẹp chắc chắn,0
xin lỗi shop hàng dùm k hình . bdbdbahrbbdgarhsndndjskdndbdididnnsnsjsjdbdbsjsjsndbdbbdjdjsnsnshsjjsaiiskskdk đèp ụi,0
"ship hàng nhanh , bao bì cẩn thận chất lượng dây tốt lắm",0
"hàng ổn , mấy bé thích ăn lắm , ủng hộ tiếp , ảnh mang tc minh họa",0
thức ăn đảm bảo vệ sinh an toàn mèo . mèo ăn khỏe mạnh,0
"hình ảnh mang tính chất lấy xu sữa tắm thơm , giao hàng siêu nhanh , đánh giá shop 5",0
"đáng tiền , đóng gói chắc chắn , date . vị , nhãn hàng chọn lựa . shop nhiệt tình , dễ thương . mua 3 4 l , khá ưng . bé hết thức ăn mua bên",0
"bao bì sản phẩm đẹp , đóng gói ok , chó ăn ngon , tiêu hóa tốt , mua 2 bịch chương trình tặng chai dầu gội chó 600 ml chà pá , hài lòng hết sức .",0
giày hơi rộng chó . hihi mang vô quen nhìn mắc cười lắm,0
"hình ảnh clip tượng trưng tính chất xu . sp ok , giao nhanh , ủng hộ tiếp .",0
hàng okeeeeeeeeeeeeeeeeeeeeeeeeee ghn tốt lắm nhaaaaaaaaaaaaaaaaaaaaaaaaaaa,0
"giày xinh lắm may mà , mua xong dùng dịp",0
"đặt , giao đủ hàng , ok",0
"chất lượng , giao hàng nhanh , mèo thích ăn , hạt nhỏ , tiện dụng , đáng tin cậy , review tốt , vị . ghi chú thể hiện rõ dễ phân biệt thức ăn mèo mèo trưởng thành tốt . tổng thể hài lòng .",0
"hàng ok . nhân viên giao nhanh , vui vẻ , lịch sự",0
"sản phẩm tốt , thích hợp chó , dùng !",0
"giao hàng nhanh , bảo tặng quà ko hết trơn hình ảnh mang tính xu",0
loại mèo ăn ngon . mọi mèo ăn năng động hẳn đặc biệt mua loại chào đón . em chi vui chi hài lòng,0
sp tốt hình ảnh mang tính chất xu hjnggb vhgvv gđ chu hhhjn . gđgjjjnj hdshjhbn gđ cbo . czvnvvg gật knm km nhn jgbmhfv,0
loại mua shop đầu khá ưng ý mèo thích ăn loại lắm mua 5 kg,0
giao hàng nhanh . chất lượng sản phẩm tốt . đóng gói cẩn thận .....,0
"dịch giao hàng hơi lâu , giá rẻ đồ dùng chất lượng , đáng mua",0
bình luận mang tính chất xu mặc dù chất lượng sản phẩm ngon nghẻ,0
"giao hàng nhanhhhh , chất lượng sử dụng , 10 điểmmmmmm",0
mèo ghiền nekko shop ăn xong mặt phê pha,0
ct duy tri goi st70 du tk goc se het han vao luc 0 h 03 07 2021 . quy khach vui long nap them 50000 d de tiep tuc su dung uu dai st70 den het 23 07 2021 . lh 198 0 d . tran .,0
"giá rẻ , mua bao chia nhỏ túi zip bảo quản lâu giữ mùi vị . mua mấy bao hết mua tiếp",0
"dịch giao trễ 1 , nma kh . cát thơm , mèo dùng vón cục tốt",0
"đóng gói cẩn thận , hàng . ủng hộ shop ..",0
hình ảnh mang tính chất minh họa . giao hàng nhanh chóng ms đặt hôm t2 t4 rỗi .,0
"đầu bé ăn súp thích , súp mùi thơm . giao hàng nhanh , shop đóng hộp chắc chắn . ủng hộ tiếp",0
shop giao hàng hơi lâu đóng gói đẹp . hàng đặt đầy đủ . bé thích . ủng hộ shop .,0
"okokokokokok , áo mặc in . đúng size , shop ! okok",0
áo màu xanh hình hươu cao cổ vải mỏng nhẹ mát mặc ngừoi bé,0
sản phẩm tốt . đúng quảng cáo,0
"hàg đóg gói đầy đủ giao hàg khá nhah , chất lg sp tốt , hìh",0
cát đủ kg giá siêu rẻ đông mèo sử dubgj cát kinh tế shop tặng thêm xúc xích,0
"sp đúng mô tả , hài lòng",0
"shop chuẩn bị hàng đầy đủ . chất lượng sản phẩm tốt , bé thích ăn . ủng hộ shop tiếp .",0
đồ ăn shop lúc nào chất lươg bé mk thic ăn toàn mua suốt ủng hộ shop 12,0
"ok , shop giao đủ hàng . đóng gói kỹ , giao hàng khá nhanh , thank you !",0
"thủ đức ghé t.beauty nail xinh nha nàng . style nhật hàn trung , giá siêu rẻ .",0
"chất lượng sản phẩm tuyệt vời đóng gói sản phẩm đẹp chắc chắn , giao hàng nhanh , bé ăn ngon shop phục vụ tốt",0
túi 7 kg kỳ thật ưng ý . vote shop 5,0
"loại mua 2 ưng ý . hàng , xa date . ưng ý khâu giao hàng , trễ hẹn nhân viên giao hàng không nhiệt tình",0
tnao tính chuẩn 5 chắn zin . mua chắn gậm giường khỏi tiểu yêu chui vô làm bậy mn,0
"hàng ok , 2 giặc đánh quánh chúng nó í",0
"giao hàng nhanh chóng , đóng gói sản phẩm kỹ , chất lượng sản phẩm tốt .",0
"áo dễ thương , mỏng mát vải mịn đường may rúm , chỗ tay kích bên rộng bên chật",0
ổnnnnn ..............................................,0
mua shop 1 yên tâm . shop bọc hàng hộp hơi mất thẩm mĩ 2 nồn mèo mị tắm tốn,0
"giao hàng đầy đủ , giao nhanh , hình ko loại rang bơ , mua loại rang bơ màu vàng bơ hút khí .",0
vận chuyển hợp lí . đặt hàng tâm hào hứng chờ đợi trải nghiệm sản phẩm hề chờ mỏi cổ . bên vận chuyển quản ngại thời tiết đường xá xa xôi đưa sản phẩm ngắn .,0
sp chó thích,0
"giao hàng nhanh , 2 bé đồ chơi dễ thương lắm , ko sẵn chụp tạm",0
"sản phẩm xinh đẹp tuyệt vời , không thể trông đợi . cung cấp , quà tặng nữaa",0
vcxhsdnidbyshsysjydgsufindayvtgffgffghgghuhghhhggf,0
shop giao thiếu 1 món hàng k đáng kể thao tac hoàn xu mìnb shop hỗ trợ nhiệt tình nhanh chóng shop,0
"boss dù thích whiskas royal canin đủ dinh dưỡng boss , nếm thử ahihi vị ok , ko dám boss ăn thức ăn thô dễ thận hãng , ăn hạt dễ bệnh thận , mèo ít uống nước .",0
"giao hàng nhanh ghê , đặt mấy đơn tận mấy r , sp tốt",0
mấy đứa thích loại,0
hàng giao nhanh đóng gói kỹ mắn ko mấy tý gặm mua tiếp,0
quy tắc rửa chén gen z rửa thứ bồn thứ coi quên,0
"hàng đúng mô tả , giao hàng đúng cam kết , ủng hộ",0
ăn đc mua gặm mồm v,0
mua thêm mấy nhỏ nhỏ thuiii căn bản,0
"giao hàng nhanh , chất lượng sản phẩm tuyệt vời , đóng gói sản phẩm chất đẹp .",0
thích thức ăn .,0
"sản phẩm đa dạng , lựa chọn , cún 2 mọc răng thêm ngai ngon lành khoảng 3 5 hết .",0
"hàng shop chất lượng lắm nha , giao nhanh , tặng shop 5",0
"hợp khẩu vị mèo mặc dù đầu ăn , shiper thân thiện giao hàng hẹn .",0
mèo thích hạt,0
"giá hợp lý , đặt đêm hôm sáng hôm . mèo ưng món",0
san phẩm okkkkkkkkkk,0
trị ve đỡ vó hết dài lâu k . đồ chơi bao khoái kaka . cắm kêu tít tít ẻm thích cắn hoài,0
rửa nước thật kỹ sử dụng . giao đúng sản phẩm,0
"hàng chất lượng , kéo thưa 57 k cắt k êm , thua xa kéo 18 k bình nước trầy xước hàng cũ v",0
bên oder sp boss . lợi nhuận thu hỗ trợ foster mèo cơ nhỡ . mong ủng hộ,0
mều thích ăn lắm 3 ngon bổ rẻ mua nhìu nhìu bé ăn dần nha mụi ngừ,0
gchhc fj gj g vk m kh kh khgk oh yogoho ho ho ho ho hôcycyocyoxykxoyxykcykyxky,0
"giao đúng hàng , cún khá thích . xử lý đơn hàng nhanh hôm đặt hôm hàng . 5",0
okokokokokokokokikijihffghhgggggggghjgghhhhhhhgggghhg,0
"giao hàng siêu nhanh , shop đóng gói bao kỹ , ủng dễ thương , tặng shop 5",0
cân đủ kg hàng đẹp ko bể,0
"mua mèo chén no , tủ lục chén hết",0
"sản phẩm giá rẻ , chất lượng , giao hàng nhanh . 1 lọ bé xinh nhỏ 2 . 1 hôm rận đâu . shop .",0
hàng ok . mua đợt rách ảnh .,0
"mua r ưng . giao hàng nhanh bọc kĩ , mua . okokok",0
hình ảnh mang tính chất minh họa shop giao hàng siêu nhanh đóng gói cẩn thận chất lượng ủng hộ shop,0
"gói gọn , ăn đế đâu , xé bao , tiện lợi .",0
"a weekly cartoon chronicling the trials and tribulations of a freelance creative . published by lance , a new freelance platform based in toronto , canada .",0
"giá tốt , giao nhanh , đồ ăn oke shop 5 nè . hàng chuẩn",0
"mua t3 r , cảm thấy đồ ăn loại shop hơi vụn . sâu thơm khá thích",0
bé thích ăn . mùi thơm . cầm tay tay dính mùi sữa phomai,0
hàng đóng gói cẩn thận . dùng chưa thể đánh giá công dụng,0
hàng giao đủ . giao nhanh . chất lượng . đc tặng kèm nhìu lắm . ủng hộ shop nhìu,0
sản phẩm chất lượng đúng mẫu,0
gói hàng kĩ càng gọn gàng giao hơi lâu một tí dù xúc xích mềm k cứng shop kia mua,0
"bịch cát ok nha , quên chụp hình bịch cát lấy khay thay thế đặt chung .",0
gói hàng ok sp tốt,0
sản phẩm đúng giới thiệu .,0
"cát vón tốt , khử mùi ổn , mùi chanh mùi nc rửa chén mùi hóa học z khó chịu , cát hạt nhỏ xíu xiu mini lắm khá dính chân mèo , xong cát vãi sàn nhìu , mua thử mùi",0
"đầu mua shop , săn deal giảm giá , sử dụng sản phẩm chưa thể review khâu giao hàng , like mạnh nha giỏi shop săn thêm deal",0
sản phẩm okie,0
nhân viên giao hàng nhiệt tình dễ thương,0
ngonnnnn bọn mèo thích lúmmmmm chủ shop nhiệt tình dễ thương nch mọi mua bé ăn nhaaaaa,0
"hơi chật xíu , dc , sp giống hình , giao hàng nhanh",0
giá rẻ . chất lượng tốt ..,0
hàng . mua túi thứ 4 nha . giá ổn,0
"cát thơmmmmmmm , hông mùi thơm giá rẻ nè !",0
"đặt nowship đặt , nhân viên shop thân thiện nhiệt tình",0
cát thơm ship nhanh giá ok snsjd dksbdhdisjeebjsjesbsbssd,0
đóng gói kỹ . giao hàng nhanh . thêm thiệp cute mèo ăn màu đỏ chịu ăn huhu,0
sản phẩm tốt bé thích . sau này mua thêm,0
cát mùi thơm lắm mèo ỉa mát đít lắm tui nghiện mùi cát,0
"mua 2 , sản phẩm tốt , mèo ăn nhanh hết , tiếp tục ủng hộ",0
shop giao nhanh xỉu hàng chất lượng nha tiếp tuc mua,0
"đặt giao 2 ô vuông nắp chuồng , shop giao ô cửa lấy dây cột .",0
mua thứ n shop cực kì uy tín,0
"mèo thích , đóng gói tạm , túi ok",0
"hình ảnh mang tính chất lấy xu , súp thưởng ngon , mèo thic ăn to con bé",0
"chúc gia đình bình an , sức khỏe dồi dào , may mắn thành công",0
"sản phẩm tốt , mua ưng lắm . shop trả lời tin nhắn nhanh , giao hàng ko hà . 10 điểm nha",0
"sản phẩm đc đóng gói cẩn thận , bé mik thik ăn .",0
cát thơm . tiếc chọn mùi giao ngẫu nhiên . giá rẻ shop shop freeship extra canh 7.7 mua giá rẻ .,0
đồ đẹp mua dịch mng mua online shopeepay cang tốt áp dụng quy tắc 5 k mng nha,0
vòng đẹp hình đeo cún siêu xinh ưng lắm hình ảnh mang tc ko lq,0
"bán rẻ trung bình thị trường chất lượng đúng mẫu , chi shop sớm .",0
đóng gói sản phẩm đẹp chắnn . chất lượng sản phẩm tuyệt vời .,0
"hai bé thích , ăn thức ăn mấy bé phân nhẹ mùi , tiêu chảy , bán lẻ hơi boss ăn chịu mua to lợi",0
eo mùi thơm lắm . cáu chậu to dã man . to thùng 20 l . shop,0
hàng ổn . giao hàng nhanh rẻ . tiếp tục ủng hộ shop tiếp,0
xương thơm ngon .. cún thích,0
"chất lượng sp tuyệt vời đóng gói chắc chắn giao hàng now ship đặt ssasng tối giao , hơi buồn . pate thơm hôi wiskcat dù giá rẻ khá thơm sợi gà trông ổn áp",0
"shop giao đúng hàng , uy tín , tiếp tục ủng hộ shop . shop",0
hình ảnh mang tính chất xu . hàng mua . chất lượng tốt .,0
"mua đầu , mở sản phẩm loại bao , khá vui , hơi bất tiện mèo ăn chiết hũ nhỏ , bảo vệ môi trường , giảm rác thải . 5 shop",0
đồ ăn mèo trưởng thành me o vị cá ngừ 7 kg đồ ăn mèo trưởng thành me o vị cá ngừ 7 kg đồ ăn mèo trưởng thành me o vị cá ngừ 7 kg đồ ăn mèo trưởng thành me o vị cá ngừ 7 kg đồ ăn mèo trưởng thành me o vị cá ngừ 7 kg,0
giao hàng dự kiến sản phẩm 7 9 phong cách hoạt hình mùa hè chất liệu polyester phong cách đơn giản xs vòng ngực 26 cm chiều dài lưng 18 cm vòng cổ 21 cm s vòng ngực 31 cm chiều dài lưng 23 cm vòng cổ 22 cm m vòng ngực 37 cm chiều dài lưng 27 cm,0
"thuốc nhỏ ngoài da trị ve , bọ chét chó mèo kiên trì sử dụng kết quả .",0
giao hàng nhanh shop đóng gói kĩ mua shop oke gói cá sợi cảm giác càng ngày càng ít,0
"sản phẩm ok . thêm bảng thông tin tiếng việt tốt , bao bì toàn tiếng hàn lọ mọ chụp hình dịch thuật hsd sp d",0
shop giao hàng khá nhanh nè . chuẩn bị hàng tốt . giá đầm ổn . mỏng mát nhẹ,0
jjhcyđiysitsitysyskkyskgzzgmxmgmxgkhxdhkgddykkdygkdgksykdskgkgsgsk,0
"giao hàng nhanh , giá rẻ , sp y hình , giao đầy đủ sl đặt , xem bé ăn thích m đặt thêm",0
rõ nguyên do khiến cảm nhận cách chữa trị kịp thời công vai diễn,0
"hàng nhanh chóng , shop giao nhanh mk ko ko chụp sản phẩm",0
"đầu mua shop , đóng gói chai đầy chắc chắn . thử mùi thơm k",0
giao hàng nhanh ủng hộ,0
"giao hàng nhanh cực , 2 hôm , hàng đầy đủ ko lỗi , nhìn xúc xích y như xx bình thường ăn lun vvv , chó ăn thử okie la mua ăn",0
"gói dùng thử đóng đầy đặn . đồ ăn thơm , chất lượng . thích",0
đủ hàng . súp thưởng hạt catsrang bé mk thích . me o hổng chịu ăn,0
sản phẩm sử dụng tốt .,0
"hàng shop toàn đồ ngon tội chờ hàng lâu lắm , shop cbi hàng hơi lâu",0
ẻm thích ăn mấy món ăn vặt ủng hộ tiếp tục . buồn miệng lấy ẻm ăn,0
bao bì nguyên vẹn . mùi thơm chà gà . tụi nhỏ thích lắm .,0
"10 điểm , khỏi đánh giá , abcdbjendisnidnssdbaixnoanzoans",0
giá 2 ngàn rưỡi mua đc 4 túi nhỏ thức ăn hài lòng .,0
"shop giao hàng nhanh . đóng gói đầy đủ , cẩn thận . giá rẻ mặt bằng . sữa thơm thuốc hiệu quả . bé 2 tuần , lạ đau bụng , uống 2 khỏe . lông mượt k rụng . mua hết . hehe . tks shop",0
uiiii cá sợi bé siêu siêu thích luônnn thả bát ăn ăn đầu tiên mua gói nhỏ xíu ăn thử ăn ít thòm thèm lắm,0
hàng tốt bé ăn hình ảnh mangtinhs chất câu xuhfhdhdhh,0
"mua lâu nay đánh giá , shop chuẩn bị hàng nhanh , mèo thích , kèm túi quà tặng xinh xinh",0
fuvjfiic,0
havahahhjsbsbsbb sâhhhahahahahahahahahahajahahahahaaha,0
"giao hàng lâu lắm , kh để ý bên shop đóng gói soạn hàng lâu bên vận chuyển giao lâu cực",0
"đặt buổi sáng trời mưa to , chiều nhắc shop ship mua sản phẩm bên shop , shop gọi báo trước hết hàng đổi",0
"date xa , shop gói hàng cẩn thận , chắc chắn . ủng hộ shop tiếp .",0
thứ 2 mua shop cát tắm ổn áp nuôi bear vs mua thêm cát cát thơm,0
"mua thứ n rùi . gói thức ăn đầy đặn cũ hướng dương vs bỏng gạo , thích shop đóng mọi loại hạt nhỏ , quà tặng kèm đóng gói chắc chắn , ninja van giao hàng miễn chê rùi",0
sản phẩm okok . mùi thơm . uy tín chất lượng,0
hàng,0
sp ok giao đủ sl mongr bahisncfjavyqodbfqtiebfatiwbfayiwbqtyaqh,0
"6 đứa 6 tròn , nhai ngoàm ngoàm ngon lành lun , nay mua nè shop",0
sản phẩm đúng mô tả . đóng gói cẩn thận . giao hàng nhanh nhiệt tình,0
tốt chó ăn,0
ok vrrsydfndndufugdhggivkvjjvcjjcjjccjhxgxhxct zdf,0
thơm lắm xài mèo tui ỉa thúi lắm ko cát độ,0
hàng tốt okkkkkkkkkkkkkkkkkkkkkkkkkkkkkkkkkkkkkkkkkkkkkkkkkkk,0
mùi thơm ít ngửi lắm nghe mùi gấp shop giao hàng nhanh ok,0
ngặm hoài xin đem giấu k lấy hình ảnh mang tính chất lấy xu,0
jbcycvjvbigufvkchfufivlbbigugjgvgjfugigohogifufufydycnbkbkvucufifjjggjg,0
chó thích loại mua .,0
sp chất lượng ủng hộ tiếp shop .,0
giao nhanh đóng gói khá chắc chắn hài lòng,0
giao đủ nhanh shop,0
"meow meow méo mèo meow meow meuwww tuyệt cú mèo , lộn , tuyệt cá ngừ",0
"chó gãi xoạch xoạch ................... , ............",0
"shop chuẩn bị hàng nhanh , giao đúng hàng , 9 h sáng đặt 1 tiếng đc hàng . mua dành mèo ăn cách li . may shop giao nhanh chóp nhoáng . ủng hộ shop tiếp tục . cám ơn shop",0
bọc hàng kỹ đúng quản cáo,0
"mèo ăn royal canin giá mắc đổi sang catsrang , tụi ăn . shop bán giá rẻ , có mã giảm giá bịch 5 kg 306 k . bao đựng lỗ chấm thủng nhỏ trút sang đựng thùng nhựa tiện bảo quản .",0
giày cute lắm nha đặt size hơi rộng thắt chặt chút,0
"chờ kết quả đánh giá thuốc hiệu quả , lọ thuốc bé tí nhỏ gáy k rận chó xuất hiện , dùng thuốc rhif vô cùng .",0
sài tốt,0
bao hạt meo 7 kg sale 468 k . kèm 12 k phụ phí . chung bao hạt vị cá thu . mèo thích ăn . hài lòng sản phẩm,0
"giao hành nhanh , đủ , sản phẩm đẹpppppppppppppppppppppppp",0
"shop giao hàng nhanh , đủ hàng . uy tín 5 nhaaaaaaaaaaaaaa",0
"huhu đặt món lặt vặt phết shop giao đầy đủ lắm nha , súp thơm , mở bé ăn",0
"sản phẩm okkkk giao hàng nhanh đóng gói kĩ , mua nhaaaaaaa",0
"mùi dễ chịu , giống royal canin . tụi thích ăn , xong béo",0
hàng đóng gói tốt sản phẩm cx .,0
mua sát trùng nước muối 30 p bỏ tầm 2 3 hôm nước,0
trị ve chó tốt lắm . hiệu quả mấy lận k 4 tuần đâu nha,0
"tốt , ko đc chắc chắn lắm . chó corgi ủi 1 phát bung",0
"xương thơm chó thích lắm , nma 2 mẫu gãy k ưng lắm",0
"chó thích ăn lắm , ăn ngon chơi vui chó thích ăn lắm , ăn ngon chơi vui chó thích ăn lắm , ăn ngon chơi vui",0
đồ ăn bắt mắt chó thích giao hàng nhanh ủng hộ shop,0
"hàng ok lắm , shop 5 saooooooooooooo ....................",0
sản phẩm đúng mẫu mã chất lượng . hình ảnh minh họa thêm,0
số lượng chất lượng đầy đủ .. khá ưng . tiếp tục ủng hộ tiếp,0
mèo mê,0
đồ đẹp xinh mua giao đúng size đặt size m giao size s,0
súp thưởng ngon giá rẻ mèo thích ăn súp thưởng ngon giá rẻ mèo thích ăn súp thưởng ngon giá rẻ mèo thích ăn,0
đủ hàng hihiiiiiiiiiiiiiiiiiiiiiiiiiiiiiiiiiii,0
"shop giao hàng siêu nhanh . nekko date xa , giá cả khá ổn . tặng bình nước nekko xinh lắm . cám ơn shop !",0
đặt hàng shop mấy r cún thích lắm nhảy cẫng hết lếnkjxjdbdidkxmxmxjdhxh,0
chuột bảo thức ăn ngon,0
"sản phẩm tốt thơm hút nước tốt , sh hỗ trợ nhiệt tình , giao hàng nhanh , shop ,",0
"sản phẩm đóng gói tốt . thùng móp méo . bao bì nguyên vẹn đục đánh giá . mèo thích , đòi ăn .",0
giao hàng nhanh . đóng gói cẩn thận . mua zoi giá ok quà sữa tắm chó mua bao share chung zoi bạn bè lun mong phát huy giá rẻ cạnh tranh mọi order .,0
"giao hàng nhanh , hàng đóng gói kỹ , mèo khách hàng thân thiết thương hiệu me o .",0
ansnsnsndndmdmdnxjcjxjdjjsjcjckdkddjjsdnxnkskskdjdjdd,0
"lọc , thấm nươc nhanh , tốt hài lòng",0
"sản phẩm giao siêu nhanh . đầy 1 ship . hàng nguyên vẹn k thủng . tìm hsd . góp ý shop 1 chút 1 tờ hd tiếng việt thành phần , ... sản phẩm dán bao bì . nói chung ưng nha",0
sản phẩm chất lượng tốt . đóng gói cẩn thận . giao hàng nhanh . shop nhiệt tình,0
"giao hàng nhanh , giá hợp lý . hạt khá ổn tầm giá đổi qua lại loại hạt , loại ưu nhược điểm , mèo ăn loại lâu . đổi trộn 2 loại thay đổi từ từ .",0
giao đủ hàng tặng thêm đồ . nhg đặt ship hơi lâu . shop bổ sung thêm cát tắm nha,0
"hàng hình , shop gói hàng kỹ lắm . sản phẩm chất lượng . ủng hộ tiếp",0
mấy bé thích mấy bé thích mấy bé thích mấy bé thích,0
cực kỳ hài lòng,0
sản phẩm tui hài lòng chuộc hamster ăn toi ngon miệng ăn,0
đủ hàng dùng kb chất lượng sản phẩm . đầu mua thuốc nhỏ gáy lượng thuốc ống ít hơi ngỡ ngàng,0
giao hàng nhanh . xúc xích đặt 20 gà 20 bò giao 1 loại ít . bù 2 đỏ . kb đếm lộn k,0
okkkkkkkkkkkkkkkkkkkkkkkkkkkkkkkkkkkkkkkkkkkkk,0
mong xai co ket se ung ho tiep lan kkkkkkkkhdhdhshshs,0
"giao hàng nhanh , chất lượng tốt",0
giao hàng nhanh chóng . thích mua hàng,0
"mùa dịch giao hàng hơi lâu , phí giao hàng tiền mua 1 bao mùi thơm dễ chịu , hút mùi vừa phải ,",0
"giao đủ , đồ cute lắm giao nhanh , shop hihihihihiihihih",0
chó thích,0
hình ảnh mang tính chất minh họa nửa đêm vô shoppe k chụp ảnh hạt hồi sáng đc . shop giao hàng thần tốc nha . hạt ngon phết ớt ăn hết sạch gượng ép . se ủng hộ,0
đồ ăn . giao nhanh . đóng gói cẩn thận .,0
thức ăn chuột ok lắm,0
"sữa ngon , hai bé mê . bịch sữa tưởng nhỏ to .",0
"đơn đúng hẹn , hai cẩu cực ưng , chất lượng chờ chúng nó feedback ko rõ ngon lành ko .",0
"mua n ... . đen thích ăn ..... chê đồ tươi , ăn đồ khô ... sang",0
giống miêu tả chó thích ăn,0
cát tắm thơm . chuột nhà mk thk . ủng hộ shop .,0
bé thích ăn lém kkkkkkkkkk mua mấy túi r đổ dồn mn,0
"ship nhanh , kịp mấy bé mèo ăn . 3",0
giao hàng nhanh đóng gói cẩn thận đủ số lượng hàng ủng hộ tiếp,0
"chính quyền thối nát , tham nhũng tràn lan",0
